,SoilMoisture (%),AirTemperature (Â°C),AirHumidity (%),LightLevel (lux),GrowthStage,TimeSinceLastWatering (hours),OptimalWateringNeeded,Timestamp,HourOfDay,PartOfDay
0,84.2,35.8,43.5,3787.7,Seed Stage,0,0,2025-05-20 09:10:43.159000+00:00,9,Morning
1,82.6,31.9,43.1,4707.8,Seed Stage,1,0,2025-05-20 10:10:43.159000+00:00,10,Morning
2,81.1,32.3,55.2,3217.8,Seed Stage,2,0,2025-05-20 11:10:43.159000+00:00,11,Morning
3,78.7,32.1,50.8,6721.6,Seed Stage,3,0,2025-05-20 12:10:43.159000+00:00,12,Afternoon
4,76.3,24.4,40.7,8456.2,Seed Stage,4,0,2025-05-20 13:10:43.159000+00:00,13,Afternoon
5,74.7,24.8,47.9,6151.4,Seed Stage,5,0,2025-05-20 14:10:43.159000+00:00,14,Afternoon
6,73.1,25.8,51.2,8487.4,Seed Stage,6,0,2025-05-20 15:10:43.159000+00:00,15,Afternoon
7,70.8,17.0,42.3,2894.2,Seed Stage,7,0,2025-05-20 16:10:43.159000+00:00,16,Afternoon
8,68.8,20.6,54.3,2960.7,Seed Stage,8,0,2025-05-20 17:10:43.159000+00:00,17,Evening
9,66.5,30.8,31.3,3464.6,Seed Stage,9,0,2025-05-20 18:10:43.159000+00:00,18,Evening
10,65.0,15.7,42.5,3042.8,Seed Stage,10,0,2025-05-20 19:10:43.159000+00:00,19,Evening
11,62.9,27.7,43.6,358.3,Seed Stage,11,1,2025-05-20 20:10:43.159000+00:00,20,Evening
12,76.3,29.8,50.2,224.9,Seed Stage,0,0,2025-05-20 21:10:43.159000+00:00,21,Night
13,74.1,25.5,43.4,164.3,Seed Stage,1,0,2025-05-20 22:10:43.159000+00:00,22,Night
14,71.8,13.7,41.6,128.5,Seed Stage,2,0,2025-05-20 23:10:43.159000+00:00,23,Night
15,69.7,21.0,44.0,378.8,Seed Stage,3,0,2025-05-21 00:10:43.159000+00:00,0,Night
16,67.4,16.0,44.5,364.2,Seed Stage,4,0,2025-05-21 01:10:43.159000+00:00,1,Night
17,65.5,19.9,42.3,356.2,Seed Stage,5,0,2025-05-21 02:10:43.159000+00:00,2,Night
18,63.0,34.4,43.0,56.9,Seed Stage,6,0,2025-05-21 03:10:43.159000+00:00,3,Night
19,61.1,16.6,31.6,257.7,Seed Stage,7,0,2025-05-21 04:10:43.159000+00:00,4,Night
20,59.0,20.7,34.3,332.1,Seed Stage,8,0,2025-05-21 05:10:43.159000+00:00,5,Night
21,57.1,31.6,29.6,1395.8,Seed Stage,9,0,2025-05-21 06:10:43.159000+00:00,6,Morning
22,54.9,34.0,31.0,1078.1,Seed Stage,10,0,2025-05-21 07:10:43.159000+00:00,7,Morning
23,52.6,19.2,36.6,1511.9,Seed Stage,11,0,2025-05-21 08:10:43.159000+00:00,8,Morning
24,50.4,15.2,30.8,3187.1,Seed Stage,12,0,2025-05-21 09:10:43.159000+00:00,9,Morning
25,48.6,23.5,42.2,4150.3,Seed Stage,13,0,2025-05-21 10:10:43.159000+00:00,10,Morning
26,46.2,23.1,28.7,4249.2,Seed Stage,14,0,2025-05-21 11:10:43.159000+00:00,11,Morning
27,44.3,31.1,26.9,7439.4,Seed Stage,15,0,2025-05-21 12:10:43.159000+00:00,12,Afternoon
28,42.8,18.3,26.2,8843.7,Seed Stage,16,0,2025-05-21 13:10:43.159000+00:00,13,Afternoon
29,41.1,26.3,21.5,8810.0,Seed Stage,17,0,2025-05-21 14:10:43.159000+00:00,14,Afternoon
30,39.6,24.6,23.5,6853.8,Seed Stage,18,1,2025-05-21 15:10:43.159000+00:00,15,Afternoon
31,75.7,22.9,51.1,2888.8,Seed Stage,0,0,2025-05-21 16:10:43.159000+00:00,16,Afternoon
32,73.7,15.3,44.8,2689.0,Seed Stage,1,0,2025-05-21 17:10:43.159000+00:00,17,Evening
33,71.3,40.3,38.8,2094.0,Seed Stage,2,0,2025-05-21 18:10:43.159000+00:00,18,Evening
34,69.6,23.8,37.1,3797.6,Seed Stage,3,0,2025-05-21 19:10:43.159000+00:00,19,Evening
35,67.3,22.8,38.1,360.7,Seed Stage,4,0,2025-05-21 20:10:43.159000+00:00,20,Evening
36,65.3,25.9,39.5,321.5,Seed Stage,5,0,2025-05-21 21:10:43.159000+00:00,21,Night
37,63.4,27.8,44.0,470.8,Seed Stage,6,0,2025-05-21 22:10:43.159000+00:00,22,Night
38,61.2,32.8,30.0,220.6,Seed Stage,7,0,2025-05-21 23:10:43.159000+00:00,23,Night
39,59.3,24.7,34.0,155.6,Seed Stage,8,0,2025-05-22 00:10:43.159000+00:00,0,Night
40,57.5,20.8,35.2,323.3,Seed Stage,9,0,2025-05-22 01:10:43.159000+00:00,1,Night
41,55.3,25.4,24.0,279.8,Seed Stage,10,0,2025-05-22 02:10:43.159000+00:00,2,Night
42,52.9,19.1,27.6,205.5,Germination,11,0,2025-05-22 03:10:43.159000+00:00,3,Night
43,50.7,16.3,27.0,19.3,Germination,12,1,2025-05-22 04:10:43.159000+00:00,4,Night
44,84.1,17.3,46.5,296.3,Germination,0,0,2025-05-22 05:10:43.159000+00:00,5,Night
45,82.0,28.6,50.2,2417.8,Germination,1,0,2025-05-22 06:10:43.159000+00:00,6,Morning
46,79.8,35.1,47.1,1010.5,Germination,2,0,2025-05-22 07:10:43.159000+00:00,7,Morning
47,77.8,27.8,43.9,1936.2,Germination,3,0,2025-05-22 08:10:43.159000+00:00,8,Morning
48,76.2,37.0,47.9,5277.4,Seed Stage,4,0,2025-05-22 09:10:43.159000+00:00,9,Morning
49,74.2,28.3,53.1,4563.3,Seed Stage,5,0,2025-05-22 10:10:43.159000+00:00,10,Morning
50,72.4,24.4,51.6,4180.0,Germination,6,0,2025-05-22 11:10:43.159000+00:00,11,Morning
51,70.6,19.4,32.7,7791.1,Germination,7,0,2025-05-22 12:10:43.159000+00:00,12,Afternoon
52,68.1,29.8,43.7,7183.4,Germination,8,0,2025-05-22 13:10:43.159000+00:00,13,Afternoon
53,66.2,33.9,38.8,9038.2,Germination,9,0,2025-05-22 14:10:43.159000+00:00,14,Afternoon
54,64.5,31.1,39.5,6166.8,Seed Stage,10,0,2025-05-22 15:10:43.159000+00:00,15,Afternoon
55,62.2,38.0,35.3,2851.0,Seed Stage,11,0,2025-05-22 16:10:43.159000+00:00,16,Afternoon
56,60.6,35.1,36.9,2982.9,Seed Stage,12,1,2025-05-22 17:10:43.159000+00:00,17,Evening
57,79.4,27.4,48.4,3968.3,Seed Stage,0,0,2025-05-22 18:10:43.159000+00:00,18,Evening
58,77.3,28.8,43.5,3937.1,Germination,1,0,2025-05-22 19:10:43.159000+00:00,19,Evening
59,75.3,18.2,40.7,27.6,Germination,2,0,2025-05-22 20:10:43.159000+00:00,20,Evening
60,73.5,16.6,41.9,87.5,Germination,3,0,2025-05-22 21:10:43.159000+00:00,21,Night
61,71.4,24.3,44.0,494.6,Germination,4,0,2025-05-22 22:10:43.159000+00:00,22,Night
62,69.0,28.2,44.4,60.0,Germination,5,0,2025-05-22 23:10:43.159000+00:00,23,Night
63,66.8,27.0,44.3,227.1,Germination,6,0,2025-05-23 00:10:43.159000+00:00,0,Night
64,64.6,34.7,36.3,324.8,Germination,7,0,2025-05-23 01:10:43.159000+00:00,1,Night
65,62.7,22.7,39.0,302.7,Germination,8,0,2025-05-23 02:10:43.159000+00:00,2,Night
66,60.8,34.0,41.3,484.8,Germination,9,0,2025-05-23 03:10:43.159000+00:00,3,Night
67,58.5,22.0,40.9,122.2,Germination,10,0,2025-05-23 04:10:43.159000+00:00,4,Night
68,56.8,35.8,33.8,239.5,Germination,11,0,2025-05-23 05:10:43.159000+00:00,5,Night
69,54.6,30.5,31.7,2987.9,Germination,12,1,2025-05-23 06:10:43.159000+00:00,6,Morning
70,83.9,33.8,51.3,2346.0,Germination,0,0,2025-05-23 07:10:43.159000+00:00,7,Morning
71,82.3,32.6,43.6,2928.6,Germination,1,0,2025-05-23 08:10:43.159000+00:00,8,Morning
72,80.7,29.1,47.5,3934.6,Germination,2,0,2025-05-23 09:10:43.159000+00:00,9,Morning
73,78.8,18.9,51.0,3307.2,Germination,3,0,2025-05-23 10:10:43.159000+00:00,10,Morning
74,76.9,18.3,49.3,3092.4,Germination,4,0,2025-05-23 11:10:43.159000+00:00,11,Morning
75,74.8,25.1,43.5,6400.2,Germination,5,0,2025-05-23 12:10:43.159000+00:00,12,Afternoon
76,72.7,28.3,44.7,8283.1,Germination,6,0,2025-05-23 13:10:43.159000+00:00,13,Afternoon
77,70.2,21.3,38.0,9881.4,Germination,7,0,2025-05-23 14:10:43.159000+00:00,14,Afternoon
78,68.7,26.4,44.7,6141.2,Germination,8,0,2025-05-23 15:10:43.159000+00:00,15,Afternoon
79,67.2,37.7,39.9,3278.5,Germination,9,0,2025-05-23 16:10:43.159000+00:00,16,Afternoon
80,65.4,21.1,37.9,3791.4,Germination,10,0,2025-05-23 17:10:43.159000+00:00,17,Evening
81,63.1,26.5,36.1,2554.6,Germination,11,0,2025-05-23 18:10:43.159000+00:00,18,Evening
82,61.5,24.4,36.6,2694.3,Germination,12,0,2025-05-23 19:10:43.159000+00:00,19,Evening
83,59.7,30.3,33.6,74.7,Germination,13,0,2025-05-23 20:10:43.159000+00:00,20,Evening
84,57.9,27.8,38.0,287.4,Germination,14,1,2025-05-23 21:10:43.159000+00:00,21,Night
85,71.8,25.2,41.1,16.0,Germination,0,0,2025-05-23 22:10:43.159000+00:00,22,Night
86,70.1,16.8,50.0,276.6,Germination,1,0,2025-05-23 23:10:43.159000+00:00,23,Night
87,68.6,17.7,48.5,35.9,Germination,2,0,2025-05-24 00:10:43.159000+00:00,0,Night
88,66.5,21.5,35.4,199.0,Germination,3,0,2025-05-24 01:10:43.159000+00:00,1,Night
89,64.8,24.2,39.2,104.0,Germination,4,0,2025-05-24 02:10:43.159000+00:00,2,Night
90,62.7,20.0,34.4,271.1,Germination,5,0,2025-05-24 03:10:43.159000+00:00,3,Night
91,60.8,22.2,34.8,255.9,Germination,6,0,2025-05-24 04:10:43.159000+00:00,4,Night
92,59.0,36.9,45.4,134.7,Germination,7,0,2025-05-24 05:10:43.159000+00:00,5,Night
93,56.9,31.0,32.6,1176.3,Germination,8,0,2025-05-24 06:10:43.159000+00:00,6,Morning
94,54.7,27.1,34.6,1787.8,Germination,9,0,2025-05-24 07:10:43.159000+00:00,7,Morning
95,52.7,22.2,34.3,2745.1,Germination,10,0,2025-05-24 08:10:43.159000+00:00,8,Morning
96,50.5,27.7,25.3,5997.7,Germination,11,0,2025-05-24 09:10:43.159000+00:00,9,Morning
97,48.4,32.2,24.8,4844.9,Germination,12,0,2025-05-24 10:10:43.159000+00:00,10,Morning
98,46.3,29.0,21.7,4368.4,Germination,13,0,2025-05-24 11:10:43.159000+00:00,11,Morning
99,43.9,26.5,21.9,7969.3,Germination,14,0,2025-05-24 12:10:43.159000+00:00,12,Afternoon
0,42.0,34.2,20.0,9529.7,Germination,15,0,2025-05-24 13:10:43.159000+00:00,13,Afternoon
1,39.6,42.4,26.5,9578.2,Germination,16,1,2025-05-24 14:10:43.159000+00:00,14,Afternoon
2,79.7,25.0,58.1,9968.9,Germination,0,0,2025-05-24 15:10:43.159000+00:00,15,Afternoon
3,77.7,27.8,47.4,2643.3,Germination,1,0,2025-05-24 16:10:43.159000+00:00,16,Afternoon
4,76.0,15.2,38.5,2879.8,Germination,2,0,2025-05-24 17:10:43.159000+00:00,17,Evening
5,74.0,24.0,41.2,2453.2,Germination,3,0,2025-05-24 18:10:43.159000+00:00,18,Evening
6,72.1,26.3,41.0,3084.8,Germination,4,0,2025-05-24 19:10:43.159000+00:00,19,Evening
7,69.7,18.4,36.7,464.3,Germination,5,0,2025-05-24 20:10:43.159000+00:00,20,Evening
8,68.0,22.5,45.1,322.6,Germination,6,0,2025-05-24 21:10:43.159000+00:00,21,Night
9,65.8,31.3,43.5,208.4,Germination,7,0,2025-05-24 22:10:43.159000+00:00,22,Night
10,63.9,18.9,32.6,133.3,Germination,8,0,2025-05-24 23:10:43.159000+00:00,23,Night
11,62.3,28.5,41.0,26.9,Germination,9,0,2025-05-25 00:10:43.159000+00:00,0,Night
12,60.4,21.5,43.9,410.2,Germination,10,0,2025-05-25 01:10:43.159000+00:00,1,Night
13,58.4,25.8,44.6,372.0,Germination,11,0,2025-05-25 02:10:43.159000+00:00,2,Night
14,56.3,15.9,48.1,216.2,Germination,12,0,2025-05-25 03:10:43.159000+00:00,3,Night
15,54.1,14.2,28.0,55.2,Germination,13,0,2025-05-25 04:10:43.159000+00:00,4,Night
16,51.7,17.8,45.1,299.7,Germination,14,1,2025-05-25 05:10:43.159000+00:00,5,Night
17,84.1,21.1,48.7,2332.4,Germination,0,0,2025-05-25 06:10:43.159000+00:00,6,Morning
18,82.4,27.4,46.5,2414.4,Germination,1,0,2025-05-25 07:10:43.159000+00:00,7,Morning
19,80.3,12.3,49.8,1784.9,Germination,2,0,2025-05-25 08:10:43.159000+00:00,8,Morning
20,78.6,20.6,44.2,3893.0,Seedling Stage,3,0,2025-05-25 09:10:43.159000+00:00,9,Morning
21,76.8,28.6,48.1,4278.3,Seedling Stage,4,0,2025-05-25 10:10:43.159000+00:00,10,Morning
22,74.4,35.3,38.0,4609.5,Seedling Stage,5,0,2025-05-25 11:10:43.159000+00:00,11,Morning
23,72.1,17.3,42.1,8557.4,Seedling Stage,6,0,2025-05-25 12:10:43.159000+00:00,12,Afternoon
24,70.4,14.6,48.7,7227.9,Seedling Stage,7,0,2025-05-25 13:10:43.159000+00:00,13,Afternoon
25,68.3,18.1,40.7,9562.5,Seedling Stage,8,0,2025-05-25 14:10:43.159000+00:00,14,Afternoon
26,66.7,20.1,40.7,8867.7,Seedling Stage,9,0,2025-05-25 15:10:43.159000+00:00,15,Afternoon
27,64.9,40.1,41.3,3907.3,Seedling Stage,10,0,2025-05-25 16:10:43.159000+00:00,16,Afternoon
28,62.8,19.1,43.5,3464.8,Seedling Stage,11,0,2025-05-25 17:10:43.159000+00:00,17,Evening
29,61.0,31.1,28.3,3023.3,Seedling Stage,12,1,2025-05-25 18:10:43.159000+00:00,18,Evening
30,77.6,22.8,49.5,3361.0,Seedling Stage,0,0,2025-05-25 19:10:43.159000+00:00,19,Evening
31,75.5,23.0,44.0,79.8,Seedling Stage,1,0,2025-05-25 20:10:43.159000+00:00,20,Evening
32,73.0,8.1,44.6,322.1,Seedling Stage,2,0,2025-05-25 21:10:43.159000+00:00,21,Night
33,71.3,34.4,48.1,83.6,Seedling Stage,3,0,2025-05-25 22:10:43.159000+00:00,22,Night
34,69.1,21.3,35.5,185.0,Seedling Stage,4,0,2025-05-25 23:10:43.159000+00:00,23,Night
35,67.1,14.6,35.2,10.1,Seedling Stage,5,0,2025-05-26 00:10:43.159000+00:00,0,Night
36,65.4,27.2,29.6,215.0,Seedling Stage,6,0,2025-05-26 01:10:43.159000+00:00,1,Night
37,63.7,33.1,35.5,33.2,Seedling Stage,7,0,2025-05-26 02:10:43.159000+00:00,2,Night
38,61.2,33.6,43.4,215.0,Seedling Stage,8,0,2025-05-26 03:10:43.159000+00:00,3,Night
39,58.9,26.3,34.7,154.7,Seedling Stage,9,0,2025-05-26 04:10:43.159000+00:00,4,Night
40,57.2,19.9,27.6,423.2,Seedling Stage,10,0,2025-05-26 05:10:43.159000+00:00,5,Night
41,54.8,23.7,30.5,1101.1,Seedling Stage,11,0,2025-05-26 06:10:43.159000+00:00,6,Morning
42,52.7,20.3,24.2,2965.8,Seedling Stage,12,0,2025-05-26 07:10:43.159000+00:00,7,Morning
43,50.5,19.2,24.7,1324.5,Seedling Stage,13,0,2025-05-26 08:10:43.159000+00:00,8,Morning
44,48.1,21.7,30.8,5041.8,Seedling Stage,14,0,2025-05-26 09:10:43.159000+00:00,9,Morning
45,45.8,28.6,21.6,4499.9,Seedling Stage,15,1,2025-05-26 10:10:43.159000+00:00,10,Morning
46,75.0,31.8,50.6,4881.1,Seedling Stage,0,0,2025-05-26 11:10:43.159000+00:00,11,Morning
47,73.1,29.2,43.5,6139.1,Seedling Stage,1,0,2025-05-26 12:10:43.159000+00:00,12,Afternoon
48,71.0,30.5,43.0,9351.8,Seedling Stage,2,0,2025-05-26 13:10:43.159000+00:00,13,Afternoon
49,68.8,33.8,39.9,6987.1,Seedling Stage,3,0,2025-05-26 14:10:43.159000+00:00,14,Afternoon
50,67.1,25.1,44.1,7238.1,Seedling Stage,4,0,2025-05-26 15:10:43.159000+00:00,15,Afternoon
51,65.1,19.9,43.0,3248.2,Seedling Stage,5,0,2025-05-26 16:10:43.159000+00:00,16,Afternoon
52,63.5,28.9,39.8,2835.3,Seedling Stage,6,0,2025-05-26 17:10:43.159000+00:00,17,Evening
53,61.6,28.8,39.8,2908.2,Seedling Stage,7,0,2025-05-26 18:10:43.159000+00:00,18,Evening
54,59.3,34.3,34.5,2897.6,Seedling Stage,8,0,2025-05-26 19:10:43.159000+00:00,19,Evening
55,57.5,36.6,37.2,51.4,Seedling Stage,9,0,2025-05-26 20:10:43.159000+00:00,20,Evening
56,55.9,40.9,31.9,406.1,Seedling Stage,10,0,2025-05-26 21:10:43.159000+00:00,21,Night
57,54.4,31.1,32.7,384.4,Seedling Stage,11,0,2025-05-26 22:10:43.159000+00:00,22,Night
58,52.5,27.9,30.1,474.7,Seedling Stage,12,0,2025-05-26 23:10:43.159000+00:00,23,Night
59,50.4,10.5,28.0,292.7,Seedling Stage,13,1,2025-05-27 00:10:43.159000+00:00,0,Night
60,73.8,20.5,40.8,21.5,Seedling Stage,0,0,2025-05-27 01:10:43.159000+00:00,1,Night
61,71.6,28.4,45.3,470.3,Seedling Stage,1,0,2025-05-27 02:10:43.159000+00:00,2,Night
62,69.3,24.3,48.1,495.6,Seedling Stage,2,0,2025-05-27 03:10:43.159000+00:00,3,Night
63,67.0,22.1,46.1,284.5,Seedling Stage,3,0,2025-05-27 04:10:43.159000+00:00,4,Night
64,64.8,34.6,32.6,160.4,Seedling Stage,4,0,2025-05-27 05:10:43.159000+00:00,5,Night
65,63.3,27.6,44.4,2141.0,Seedling Stage,5,0,2025-05-27 06:10:43.159000+00:00,6,Morning
66,61.2,32.8,35.1,2174.5,Seedling Stage,6,0,2025-05-27 07:10:43.159000+00:00,7,Morning
67,59.1,15.7,38.5,1676.7,Seedling Stage,7,0,2025-05-27 08:10:43.159000+00:00,8,Morning
68,57.5,36.6,30.0,5460.8,Seedling Stage,8,0,2025-05-27 09:10:43.159000+00:00,9,Morning
69,55.2,25.7,33.8,5616.9,Seedling Stage,9,0,2025-05-27 10:10:43.159000+00:00,10,Morning
70,53.7,31.7,33.8,3241.3,Seedling Stage,10,0,2025-05-27 11:10:43.159000+00:00,11,Morning
71,51.3,32.5,23.4,9418.3,Seedling Stage,11,1,2025-05-27 12:10:43.159000+00:00,12,Afternoon
72,82.2,25.4,52.4,8596.9,Seedling Stage,0,0,2025-05-27 13:10:43.159000+00:00,13,Afternoon
73,80.0,18.1,54.7,8658.6,Seedling Stage,1,0,2025-05-27 14:10:43.159000+00:00,14,Afternoon
74,77.8,18.6,45.8,6947.4,Seedling Stage,2,0,2025-05-27 15:10:43.159000+00:00,15,Afternoon
75,75.5,24.6,52.1,3615.4,Seedling Stage,3,0,2025-05-27 16:10:43.159000+00:00,16,Afternoon
76,74.0,35.4,43.5,3779.0,Seedling Stage,4,0,2025-05-27 17:10:43.159000+00:00,17,Evening
77,72.1,22.5,47.5,2974.1,Seedling Stage,5,0,2025-05-27 18:10:43.159000+00:00,18,Evening
78,70.1,29.9,31.0,3888.1,Seedling Stage,6,0,2025-05-27 19:10:43.159000+00:00,19,Evening
79,67.7,36.2,52.7,395.3,Seedling Stage,7,0,2025-05-27 20:10:43.159000+00:00,20,Evening
80,65.9,15.2,47.0,465.0,Seedling Stage,8,0,2025-05-27 21:10:43.159000+00:00,21,Night
81,64.1,23.2,37.0,76.2,Seedling Stage,9,0,2025-05-27 22:10:43.159000+00:00,22,Night
82,62.5,23.0,27.6,327.3,Seedling Stage,10,1,2025-05-27 23:10:43.159000+00:00,23,Night
83,81.6,30.9,50.4,390.7,Seedling Stage,0,0,2025-05-28 00:10:43.159000+00:00,0,Night
84,80.0,33.6,40.8,479.8,Seedling Stage,1,0,2025-05-28 01:10:43.159000+00:00,1,Night
85,78.2,28.3,49.1,470.4,Seedling Stage,2,0,2025-05-28 02:10:43.159000+00:00,2,Night
86,76.2,17.6,47.8,401.2,Seedling Stage,3,0,2025-05-28 03:10:43.159000+00:00,3,Night
87,73.8,15.6,39.6,100.1,Seedling Stage,4,0,2025-05-28 04:10:43.159000+00:00,4,Night
88,71.5,24.7,48.5,129.1,Seedling Stage,5,0,2025-05-28 05:10:43.159000+00:00,5,Night
89,70.0,23.4,46.0,1015.0,Seedling Stage,6,0,2025-05-28 06:10:43.159000+00:00,6,Morning
90,68.2,23.3,45.8,2723.5,Seedling Stage,7,0,2025-05-28 07:10:43.159000+00:00,7,Morning
91,66.2,19.1,39.8,2919.4,Seedling Stage,8,0,2025-05-28 08:10:43.159000+00:00,8,Morning
92,63.8,33.4,31.2,3439.3,Seedling Stage,9,0,2025-05-28 09:10:43.159000+00:00,9,Morning
93,61.4,34.0,41.7,5151.9,Seedling Stage,10,0,2025-05-28 10:10:43.159000+00:00,10,Morning
94,59.3,27.2,34.2,3826.3,Seedling Stage,11,1,2025-05-28 11:10:43.159000+00:00,11,Morning
95,82.8,25.5,42.7,7451.1,Seedling Stage,0,0,2025-05-28 12:10:43.159000+00:00,12,Afternoon
96,80.5,24.3,55.1,6070.3,Seedling Stage,1,0,2025-05-28 13:10:43.159000+00:00,13,Afternoon
97,78.1,27.4,57.4,7731.7,Seedling Stage,2,0,2025-05-28 14:10:43.159000+00:00,14,Afternoon
98,76.0,28.6,45.4,8350.2,Seedling Stage,3,0,2025-05-28 15:10:43.159000+00:00,15,Afternoon
99,73.9,31.1,55.1,3460.4,Seedling Stage,4,0,2025-05-28 16:10:43.159000+00:00,16,Afternoon
0,72.4,31.0,43.9,2517.2,Seedling Stage,5,0,2025-05-28 17:10:43.159000+00:00,17,Evening
1,70.1,33.1,40.2,3338.7,Seedling Stage,6,0,2025-05-28 18:10:43.159000+00:00,18,Evening
2,68.1,28.8,37.7,3767.2,Seedling Stage,7,0,2025-05-28 19:10:43.159000+00:00,19,Evening
3,66.5,30.5,48.1,128.7,Seedling Stage,8,0,2025-05-28 20:10:43.159000+00:00,20,Evening
4,64.1,23.5,34.6,383.6,Seedling Stage,9,0,2025-05-28 21:10:43.159000+00:00,21,Night
5,61.8,26.9,40.8,285.8,Seedling Stage,10,0,2025-05-28 22:10:43.159000+00:00,22,Night
6,60.1,27.5,33.3,209.1,Seedling Stage,11,0,2025-05-28 23:10:43.159000+00:00,23,Night
7,57.6,15.4,32.3,122.1,Seedling Stage,12,0,2025-05-29 00:10:43.159000+00:00,0,Night
8,55.2,16.5,38.3,260.9,Seedling Stage,13,0,2025-05-29 01:10:43.159000+00:00,1,Night
9,53.7,26.2,30.3,429.7,Seedling Stage,14,0,2025-05-29 02:10:43.159000+00:00,2,Night
10,52.0,18.8,29.2,27.0,Seedling Stage,15,0,2025-05-29 03:10:43.159000+00:00,3,Night
11,49.6,26.0,35.4,72.9,Seedling Stage,16,1,2025-05-29 04:10:43.159000+00:00,4,Night
12,73.4,28.0,52.0,316.7,Seedling Stage,0,0,2025-05-29 05:10:43.159000+00:00,5,Night
13,71.1,25.6,45.9,1028.8,Seedling Stage,1,0,2025-05-29 06:10:43.159000+00:00,6,Morning
14,69.0,13.9,38.1,2970.9,Seedling Stage,2,0,2025-05-29 07:10:43.159000+00:00,7,Morning
15,66.6,22.5,37.4,1501.3,Seedling Stage,3,0,2025-05-29 08:10:43.159000+00:00,8,Morning
16,64.9,15.6,39.3,3908.5,Seedling Stage,4,0,2025-05-29 09:10:43.159000+00:00,9,Morning
17,62.5,17.6,39.1,4610.4,Seedling Stage,5,0,2025-05-29 10:10:43.159000+00:00,10,Morning
18,60.6,32.1,31.4,3124.6,Seedling Stage,6,0,2025-05-29 11:10:43.159000+00:00,11,Morning
19,58.8,18.3,38.9,9518.1,Seedling Stage,7,0,2025-05-29 12:10:43.159000+00:00,12,Afternoon
20,56.8,21.8,34.5,8361.4,Seedling Stage,8,0,2025-05-29 13:10:43.159000+00:00,13,Afternoon
21,54.8,31.6,24.3,7177.9,Seedling Stage,9,0,2025-05-29 14:10:43.159000+00:00,14,Afternoon
22,52.8,35.5,27.0,6209.5,Seedling Stage,10,0,2025-05-29 15:10:43.159000+00:00,15,Afternoon
23,51.0,17.2,28.1,3537.0,Seedling Stage,11,0,2025-05-29 16:10:43.159000+00:00,16,Afternoon
24,49.5,16.6,29.3,2327.3,Seedling Stage,12,0,2025-05-29 17:10:43.159000+00:00,17,Evening
25,48.0,19.5,38.2,3529.9,Seedling Stage,13,0,2025-05-29 18:10:43.159000+00:00,18,Evening
26,46.3,24.7,29.0,2156.1,Seedling Stage,14,1,2025-05-29 19:10:43.159000+00:00,19,Evening
27,82.0,28.4,45.0,378.0,Seedling Stage,0,0,2025-05-29 20:10:43.159000+00:00,20,Evening
28,79.8,21.5,49.0,447.2,Seedling Stage,1,0,2025-05-29 21:10:43.159000+00:00,21,Night
29,77.8,29.5,44.9,363.2,Seedling Stage,2,0,2025-05-29 22:10:43.159000+00:00,22,Night
30,75.6,23.9,47.0,319.5,Seedling Stage,3,0,2025-05-29 23:10:43.159000+00:00,23,Night
31,73.4,24.5,46.9,175.8,Seedling Stage,4,0,2025-05-30 00:10:43.159000+00:00,0,Night
32,71.0,12.1,48.6,457.6,Seedling Stage,5,0,2025-05-30 01:10:43.159000+00:00,1,Night
33,69.2,34.2,41.4,356.7,Seedling Stage,6,0,2025-05-30 02:10:43.159000+00:00,2,Night
34,67.4,21.1,48.6,87.7,Seedling Stage,7,0,2025-05-30 03:10:43.159000+00:00,3,Night
35,65.0,19.7,43.5,487.1,Seedling Stage,8,0,2025-05-30 04:10:43.159000+00:00,4,Night
36,63.0,25.2,34.3,194.5,Seedling Stage,9,0,2025-05-30 05:10:43.159000+00:00,5,Night
37,61.0,31.6,47.6,1381.0,Seedling Stage,10,0,2025-05-30 06:10:43.159000+00:00,6,Morning
38,58.6,33.6,36.8,1230.5,Seedling Stage,11,0,2025-05-30 07:10:43.159000+00:00,7,Morning
39,56.3,22.1,29.6,2205.4,Seedling Stage,12,1,2025-05-30 08:10:43.159000+00:00,8,Morning
40,75.9,23.2,53.8,3463.2,Seedling Stage,0,0,2025-05-30 09:10:43.159000+00:00,9,Morning
41,74.2,23.6,54.9,3049.4,Seedling Stage,1,0,2025-05-30 10:10:43.159000+00:00,10,Morning
42,71.9,18.2,43.0,5172.4,Seedling Stage,2,0,2025-05-30 11:10:43.159000+00:00,11,Morning
43,70.2,19.3,39.6,7052.0,Seedling Stage,3,0,2025-05-30 12:10:43.159000+00:00,12,Afternoon
44,68.0,21.3,39.9,8404.8,Seedling Stage,4,0,2025-05-30 13:10:43.159000+00:00,13,Afternoon
45,65.6,29.5,42.9,8113.5,Seedling Stage,5,0,2025-05-30 14:10:43.159000+00:00,14,Afternoon
46,63.7,30.0,44.6,9315.1,Seedling Stage,6,0,2025-05-30 15:10:43.159000+00:00,15,Afternoon
47,62.0,34.3,40.1,3089.8,Seedling Stage,7,0,2025-05-30 16:10:43.159000+00:00,16,Afternoon
48,60.4,35.5,36.7,3953.2,Seedling Stage,8,0,2025-05-30 17:10:43.159000+00:00,17,Evening
49,58.7,31.0,42.7,2888.2,Seedling Stage,9,0,2025-05-30 18:10:43.159000+00:00,18,Evening
50,56.4,26.9,32.3,3674.0,Seedling Stage,10,0,2025-05-30 19:10:43.159000+00:00,19,Evening
51,54.8,24.5,38.0,103.7,Seedling Stage,11,0,2025-05-30 20:10:43.159000+00:00,20,Evening
52,53.0,25.6,30.4,67.4,Seedling Stage,12,0,2025-05-30 21:10:43.159000+00:00,21,Night
53,50.6,31.8,32.5,134.0,Seedling Stage,13,0,2025-05-30 22:10:43.159000+00:00,22,Night
54,48.2,37.5,28.4,210.8,Seedling Stage,14,0,2025-05-30 23:10:43.159000+00:00,23,Night
55,46.4,34.5,27.6,370.3,Seedling Stage,15,1,2025-05-31 00:10:43.159000+00:00,0,Night
56,82.3,33.1,47.5,442.6,Seedling Stage,0,0,2025-05-31 01:10:43.159000+00:00,1,Night
57,80.0,27.3,54.7,119.4,Seedling Stage,1,0,2025-05-31 02:10:43.159000+00:00,2,Night
58,78.2,28.2,43.3,159.4,Seedling Stage,2,0,2025-05-31 03:10:43.159000+00:00,3,Night
59,76.0,18.2,41.9,194.6,Seedling Stage,3,0,2025-05-31 04:10:43.159000+00:00,4,Night
60,74.5,21.6,55.3,114.3,Seedling Stage,4,0,2025-05-31 05:10:43.159000+00:00,5,Night
61,72.5,24.2,48.4,1583.3,Seedling Stage,5,0,2025-05-31 06:10:43.159000+00:00,6,Morning
62,70.8,25.1,30.6,1285.9,Seedling Stage,6,0,2025-05-31 07:10:43.159000+00:00,7,Morning
63,68.5,23.6,38.3,1481.1,Seedling Stage,7,0,2025-05-31 08:10:43.159000+00:00,8,Morning
64,66.6,36.7,30.9,3320.5,Seedling Stage,8,0,2025-05-31 09:10:43.159000+00:00,9,Morning
65,64.2,25.7,33.8,4461.6,Seedling Stage,9,0,2025-05-31 10:10:43.159000+00:00,10,Morning
66,62.3,34.9,21.7,5785.0,Seedling Stage,10,0,2025-05-31 11:10:43.159000+00:00,11,Morning
67,60.2,18.1,35.4,8993.3,Seedling Stage,11,0,2025-05-31 12:10:43.159000+00:00,12,Afternoon
68,58.3,38.7,29.3,7162.0,Seedling Stage,12,0,2025-05-31 13:10:43.159000+00:00,13,Afternoon
69,56.8,33.8,34.4,9493.1,Seedling Stage,13,0,2025-05-31 14:10:43.159000+00:00,14,Afternoon
70,55.3,32.3,25.1,8022.0,Seedling Stage,14,1,2025-05-31 15:10:43.159000+00:00,15,Afternoon
71,76.0,28.4,46.0,3310.0,Seedling Stage,0,0,2025-05-31 16:10:43.159000+00:00,16,Afternoon
72,73.9,26.6,42.3,3949.1,Seedling Stage,1,0,2025-05-31 17:10:43.159000+00:00,17,Evening
73,71.9,21.9,50.6,3203.2,Seedling Stage,2,0,2025-05-31 18:10:43.159000+00:00,18,Evening
74,69.4,20.7,48.7,2071.4,Seedling Stage,3,0,2025-05-31 19:10:43.159000+00:00,19,Evening
75,67.3,29.2,44.3,265.1,Seedling Stage,4,0,2025-05-31 20:10:43.159000+00:00,20,Evening
76,65.7,27.5,37.8,412.6,Seedling Stage,5,0,2025-05-31 21:10:43.159000+00:00,21,Night
77,64.2,22.4,48.4,222.0,Seedling Stage,6,0,2025-05-31 22:10:43.159000+00:00,22,Night
78,62.7,30.4,29.9,393.7,Seedling Stage,7,0,2025-05-31 23:10:43.159000+00:00,23,Night
79,60.5,35.7,29.3,276.7,Seedling Stage,8,0,2025-06-01 00:10:43.159000+00:00,0,Night
80,58.1,20.3,34.4,325.5,Seedling Stage,9,0,2025-06-01 01:10:43.159000+00:00,1,Night
81,56.5,24.0,45.2,403.3,Seedling Stage,10,0,2025-06-01 02:10:43.159000+00:00,2,Night
82,54.1,18.9,31.4,138.9,Seedling Stage,11,0,2025-06-01 03:10:43.159000+00:00,3,Night
83,52.4,30.3,30.5,442.7,Seedling Stage,12,1,2025-06-01 04:10:43.159000+00:00,4,Night
84,76.2,31.9,38.5,193.4,Seedling Stage,0,0,2025-06-01 05:10:43.159000+00:00,5,Night
85,74.1,25.0,49.2,1053.7,Vegetative Stage,1,0,2025-06-01 06:10:43.159000+00:00,6,Morning
86,72.5,16.4,48.3,1971.4,Vegetative Stage,2,0,2025-06-01 07:10:43.159000+00:00,7,Morning
87,70.3,13.9,46.1,1413.1,Seedling Stage,3,0,2025-06-01 08:10:43.159000+00:00,8,Morning
88,68.4,23.3,37.9,5378.1,Seedling Stage,4,0,2025-06-01 09:10:43.159000+00:00,9,Morning
89,65.9,24.7,36.0,4912.8,Vegetative Stage,5,0,2025-06-01 10:10:43.159000+00:00,10,Morning
90,63.8,22.3,31.8,4886.7,Vegetative Stage,6,0,2025-06-01 11:10:43.159000+00:00,11,Morning
91,61.6,13.3,37.4,7610.1,Vegetative Stage,7,0,2025-06-01 12:10:43.159000+00:00,12,Afternoon
92,59.9,31.5,30.5,8981.4,Vegetative Stage,8,0,2025-06-01 13:10:43.159000+00:00,13,Afternoon
93,57.5,33.0,28.6,7590.4,Vegetative Stage,9,0,2025-06-01 14:10:43.159000+00:00,14,Afternoon
94,55.6,27.1,31.2,9805.1,Vegetative Stage,10,0,2025-06-01 15:10:43.159000+00:00,15,Afternoon
95,53.5,18.4,29.7,3434.4,Vegetative Stage,11,0,2025-06-01 16:10:43.159000+00:00,16,Afternoon
96,51.3,29.7,28.1,3442.5,Vegetative Stage,12,0,2025-06-01 17:10:43.159000+00:00,17,Evening
97,49.5,34.3,32.0,3026.9,Seedling Stage,13,0,2025-06-01 18:10:43.159000+00:00,18,Evening
98,47.2,33.6,28.7,2848.1,Vegetative Stage,14,0,2025-06-01 19:10:43.159000+00:00,19,Evening
99,44.8,34.2,25.4,318.7,Vegetative Stage,15,1,2025-06-01 20:10:43.159000+00:00,20,Evening
0,83.2,30.8,50.8,174.8,Vegetative Stage,0,0,2025-06-01 21:10:43.159000+00:00,21,Night
1,81.0,39.4,43.6,129.9,Vegetative Stage,1,0,2025-06-01 22:10:43.159000+00:00,22,Night
2,79.4,28.7,48.2,112.0,Vegetative Stage,2,0,2025-06-01 23:10:43.159000+00:00,23,Night
3,76.9,29.2,46.9,105.0,Vegetative Stage,3,0,2025-06-02 00:10:43.159000+00:00,0,Night
4,74.9,12.9,37.4,488.4,Vegetative Stage,4,0,2025-06-02 01:10:43.159000+00:00,1,Night
5,73.2,21.1,48.9,283.8,Vegetative Stage,5,0,2025-06-02 02:10:43.159000+00:00,2,Night
6,71.4,31.5,38.4,11.5,Vegetative Stage,6,0,2025-06-02 03:10:43.159000+00:00,3,Night
7,69.0,16.6,41.9,290.5,Vegetative Stage,7,0,2025-06-02 04:10:43.159000+00:00,4,Night
8,66.5,23.0,45.7,411.1,Vegetative Stage,8,0,2025-06-02 05:10:43.159000+00:00,5,Night
9,64.1,33.9,43.1,1336.8,Vegetative Stage,9,0,2025-06-02 06:10:43.159000+00:00,6,Morning
10,62.3,23.4,37.6,2673.5,Vegetative Stage,10,0,2025-06-02 07:10:43.159000+00:00,7,Morning
11,60.0,25.6,34.2,2028.3,Vegetative Stage,11,1,2025-06-02 08:10:43.159000+00:00,8,Morning
12,78.1,22.2,51.6,5395.5,Vegetative Stage,0,0,2025-06-02 09:10:43.159000+00:00,9,Morning
13,76.5,24.8,49.3,4293.5,Vegetative Stage,1,0,2025-06-02 10:10:43.159000+00:00,10,Morning
14,74.2,14.4,41.4,4457.1,Vegetative Stage,2,0,2025-06-02 11:10:43.159000+00:00,11,Morning
15,71.8,14.7,39.1,8453.6,Vegetative Stage,3,0,2025-06-02 12:10:43.159000+00:00,12,Afternoon
16,70.1,15.5,31.7,8539.1,Vegetative Stage,4,0,2025-06-02 13:10:43.159000+00:00,13,Afternoon
17,68.5,18.1,41.9,7691.5,Vegetative Stage,5,0,2025-06-02 14:10:43.159000+00:00,14,Afternoon
18,66.1,28.5,39.2,7593.5,Vegetative Stage,6,0,2025-06-02 15:10:43.159000+00:00,15,Afternoon
19,64.3,16.7,44.3,2972.2,Vegetative Stage,7,0,2025-06-02 16:10:43.159000+00:00,16,Afternoon
20,62.7,19.0,39.4,2178.2,Vegetative Stage,8,0,2025-06-02 17:10:43.159000+00:00,17,Evening
21,60.7,25.2,43.1,2982.1,Vegetative Stage,9,0,2025-06-02 18:10:43.159000+00:00,18,Evening
22,59.1,38.4,32.0,2194.7,Vegetative Stage,10,0,2025-06-02 19:10:43.159000+00:00,19,Evening
23,56.6,18.6,39.7,466.3,Vegetative Stage,11,0,2025-06-02 20:10:43.159000+00:00,20,Evening
24,54.5,14.1,30.1,291.6,Vegetative Stage,12,0,2025-06-02 21:10:43.159000+00:00,21,Night
25,52.3,20.8,35.3,402.7,Vegetative Stage,13,1,2025-06-02 22:10:43.159000+00:00,22,Night
26,74.8,19.1,37.6,480.2,Vegetative Stage,0,0,2025-06-02 23:10:43.159000+00:00,23,Night
27,73.0,37.5,45.0,254.4,Vegetative Stage,1,0,2025-06-03 00:10:43.159000+00:00,0,Night
28,71.3,20.0,32.9,491.6,Vegetative Stage,2,0,2025-06-03 01:10:43.159000+00:00,1,Night
29,69.3,33.2,40.2,82.6,Vegetative Stage,3,0,2025-06-03 02:10:43.159000+00:00,2,Night
30,67.4,20.0,42.6,188.1,Vegetative Stage,4,0,2025-06-03 03:10:43.159000+00:00,3,Night
31,65.6,21.7,36.8,100.1,Vegetative Stage,5,0,2025-06-03 04:10:43.159000+00:00,4,Night
32,63.5,12.6,32.8,42.7,Vegetative Stage,6,0,2025-06-03 05:10:43.159000+00:00,5,Night
33,61.9,38.5,41.4,1058.2,Vegetative Stage,7,0,2025-06-03 06:10:43.159000+00:00,6,Morning
34,59.7,22.4,35.3,2510.9,Vegetative Stage,8,0,2025-06-03 07:10:43.159000+00:00,7,Morning
35,57.7,14.0,32.2,2607.4,Vegetative Stage,9,0,2025-06-03 08:10:43.159000+00:00,8,Morning
36,55.8,30.3,33.7,3794.8,Vegetative Stage,10,0,2025-06-03 09:10:43.159000+00:00,9,Morning
37,53.6,31.6,45.3,3329.3,Vegetative Stage,11,1,2025-06-03 10:10:43.159000+00:00,10,Morning
38,83.7,32.2,56.0,4163.4,Vegetative Stage,0,0,2025-06-03 11:10:43.159000+00:00,11,Morning
39,81.3,25.7,54.6,7671.3,Vegetative Stage,1,0,2025-06-03 12:10:43.159000+00:00,12,Afternoon
40,79.5,18.9,49.9,6202.8,Vegetative Stage,2,0,2025-06-03 13:10:43.159000+00:00,13,Afternoon
41,77.3,25.1,47.2,8253.1,Vegetative Stage,3,0,2025-06-03 14:10:43.159000+00:00,14,Afternoon
42,75.3,23.4,33.2,6012.9,Vegetative Stage,4,0,2025-06-03 15:10:43.159000+00:00,15,Afternoon
43,73.4,18.8,40.6,3265.0,Vegetative Stage,5,0,2025-06-03 16:10:43.159000+00:00,16,Afternoon
44,71.2,19.3,40.3,2416.8,Vegetative Stage,6,0,2025-06-03 17:10:43.159000+00:00,17,Evening
45,69.5,30.6,32.3,2087.8,Vegetative Stage,7,0,2025-06-03 18:10:43.159000+00:00,18,Evening
46,67.4,28.9,34.7,3347.8,Vegetative Stage,8,0,2025-06-03 19:10:43.159000+00:00,19,Evening
47,65.8,28.2,29.6,5.2,Vegetative Stage,9,0,2025-06-03 20:10:43.159000+00:00,20,Evening
48,63.6,32.4,38.0,445.5,Vegetative Stage,10,0,2025-06-03 21:10:43.159000+00:00,21,Night
49,61.5,29.5,41.0,30.7,Vegetative Stage,11,0,2025-06-03 22:10:43.159000+00:00,22,Night
50,59.2,23.6,41.1,201.7,Vegetative Stage,12,0,2025-06-03 23:10:43.159000+00:00,23,Night
51,57.4,21.1,36.5,144.0,Vegetative Stage,13,1,2025-06-04 00:10:43.159000+00:00,0,Night
52,80.6,28.0,43.5,310.5,Vegetative Stage,0,0,2025-06-04 01:10:43.159000+00:00,1,Night
53,79.0,32.4,37.7,205.4,Vegetative Stage,1,0,2025-06-04 02:10:43.159000+00:00,2,Night
54,76.7,31.0,37.2,28.9,Vegetative Stage,2,0,2025-06-04 03:10:43.159000+00:00,3,Night
55,74.3,37.1,38.2,415.3,Vegetative Stage,3,0,2025-06-04 04:10:43.159000+00:00,4,Night
56,72.3,40.0,38.9,496.5,Vegetative Stage,4,0,2025-06-04 05:10:43.159000+00:00,5,Night
57,70.4,28.6,41.4,1377.6,Vegetative Stage,5,0,2025-06-04 06:10:43.159000+00:00,6,Morning
58,68.7,25.1,36.1,1554.4,Vegetative Stage,6,0,2025-06-04 07:10:43.159000+00:00,7,Morning
59,66.9,11.6,41.8,2673.0,Vegetative Stage,7,0,2025-06-04 08:10:43.159000+00:00,8,Morning
60,64.7,20.2,37.7,5308.3,Vegetative Stage,8,0,2025-06-04 09:10:43.159000+00:00,9,Morning
61,62.8,27.7,37.7,3348.7,Vegetative Stage,9,0,2025-06-04 10:10:43.159000+00:00,10,Morning
62,60.8,24.0,42.2,4584.3,Vegetative Stage,10,0,2025-06-04 11:10:43.159000+00:00,11,Morning
63,58.5,18.7,29.2,6542.0,Vegetative Stage,11,0,2025-06-04 12:10:43.159000+00:00,12,Afternoon
64,56.7,28.7,36.1,9758.4,Vegetative Stage,12,0,2025-06-04 13:10:43.159000+00:00,13,Afternoon
65,54.9,25.4,32.9,9949.2,Vegetative Stage,13,0,2025-06-04 14:10:43.159000+00:00,14,Afternoon
66,53.2,32.5,30.3,6885.9,Vegetative Stage,14,0,2025-06-04 15:10:43.159000+00:00,15,Afternoon
67,51.4,21.1,35.3,2842.9,Vegetative Stage,15,1,2025-06-04 16:10:43.159000+00:00,16,Afternoon
68,80.8,31.9,52.9,2748.6,Vegetative Stage,0,0,2025-06-04 17:10:43.159000+00:00,17,Evening
69,79.1,29.0,42.7,2193.0,Vegetative Stage,1,0,2025-06-04 18:10:43.159000+00:00,18,Evening
70,77.1,28.6,45.3,3525.2,Vegetative Stage,2,0,2025-06-04 19:10:43.159000+00:00,19,Evening
71,75.2,29.0,46.5,75.5,Vegetative Stage,3,0,2025-06-04 20:10:43.159000+00:00,20,Evening
72,72.8,25.6,42.3,121.7,Vegetative Stage,4,0,2025-06-04 21:10:43.159000+00:00,21,Night
73,70.5,21.1,45.2,50.2,Vegetative Stage,5,0,2025-06-04 22:10:43.159000+00:00,22,Night
74,68.9,21.5,42.7,404.7,Vegetative Stage,6,0,2025-06-04 23:10:43.159000+00:00,23,Night
75,66.8,27.0,49.2,144.0,Vegetative Stage,7,0,2025-06-05 00:10:43.159000+00:00,0,Night
76,64.8,32.6,31.2,139.9,Vegetative Stage,8,0,2025-06-05 01:10:43.159000+00:00,1,Night
77,62.3,18.0,36.8,1.3,Vegetative Stage,9,0,2025-06-05 02:10:43.159000+00:00,2,Night
78,59.9,29.5,31.4,72.0,Vegetative Stage,10,0,2025-06-05 03:10:43.159000+00:00,3,Night
79,57.6,31.0,37.6,76.9,Vegetative Stage,11,0,2025-06-05 04:10:43.159000+00:00,4,Night
80,55.8,14.1,25.4,376.4,Vegetative Stage,12,0,2025-06-05 05:10:43.159000+00:00,5,Night
81,53.7,24.6,34.0,2259.1,Vegetative Stage,13,1,2025-06-05 06:10:43.159000+00:00,6,Morning
82,70.5,21.7,39.1,2992.3,Vegetative Stage,0,0,2025-06-05 07:10:43.159000+00:00,7,Morning
83,68.2,32.3,37.2,1832.5,Vegetative Stage,1,0,2025-06-05 08:10:43.159000+00:00,8,Morning
84,66.0,32.8,32.4,5988.8,Vegetative Stage,2,0,2025-06-05 09:10:43.159000+00:00,9,Morning
85,64.1,27.9,36.1,4001.9,Vegetative Stage,3,0,2025-06-05 10:10:43.159000+00:00,10,Morning
86,62.4,19.6,42.9,3463.9,Vegetative Stage,4,0,2025-06-05 11:10:43.159000+00:00,11,Morning
87,60.4,18.4,36.1,8872.4,Vegetative Stage,5,0,2025-06-05 12:10:43.159000+00:00,12,Afternoon
88,58.9,22.1,38.5,9140.4,Vegetative Stage,6,0,2025-06-05 13:10:43.159000+00:00,13,Afternoon
89,56.6,23.4,42.3,9058.5,Vegetative Stage,7,0,2025-06-05 14:10:43.159000+00:00,14,Afternoon
90,54.2,22.8,33.8,9608.9,Vegetative Stage,8,0,2025-06-05 15:10:43.159000+00:00,15,Afternoon
91,52.1,18.1,28.5,2579.2,Vegetative Stage,9,0,2025-06-05 16:10:43.159000+00:00,16,Afternoon
92,49.8,31.1,32.2,2931.0,Vegetative Stage,10,0,2025-06-05 17:10:43.159000+00:00,17,Evening
93,47.6,28.9,25.8,2497.9,Vegetative Stage,11,0,2025-06-05 18:10:43.159000+00:00,18,Evening
94,46.0,27.7,25.1,3667.6,Vegetative Stage,12,0,2025-06-05 19:10:43.159000+00:00,19,Evening
95,44.2,26.8,20.0,66.0,Vegetative Stage,13,0,2025-06-05 20:10:43.159000+00:00,20,Evening
96,42.4,20.6,30.1,217.5,Vegetative Stage,14,0,2025-06-05 21:10:43.159000+00:00,21,Night
97,40.4,31.6,22.3,112.7,Vegetative Stage,15,1,2025-06-05 22:10:43.159000+00:00,22,Night
98,73.6,34.4,45.1,110.6,Vegetative Stage,0,0,2025-06-05 23:10:43.159000+00:00,23,Night
99,71.7,26.6,37.8,231.0,Vegetative Stage,1,0,2025-06-06 00:10:43.159000+00:00,0,Night
0,70.1,33.4,44.2,232.6,Vegetative Stage,2,0,2025-06-06 01:10:43.159000+00:00,1,Night
1,68.2,35.2,37.1,431.3,Vegetative Stage,3,0,2025-06-06 02:10:43.159000+00:00,2,Night
2,66.2,28.6,39.0,127.4,Vegetative Stage,4,0,2025-06-06 03:10:43.159000+00:00,3,Night
3,64.1,32.8,42.8,360.8,Vegetative Stage,5,0,2025-06-06 04:10:43.159000+00:00,4,Night
4,62.5,21.7,41.5,368.5,Vegetative Stage,6,0,2025-06-06 05:10:43.159000+00:00,5,Night
5,60.8,22.0,36.4,1093.0,Vegetative Stage,7,0,2025-06-06 06:10:43.159000+00:00,6,Morning
6,58.4,26.3,26.2,2509.8,Vegetative Stage,8,0,2025-06-06 07:10:43.159000+00:00,7,Morning
7,55.9,14.9,48.5,1460.8,Vegetative Stage,9,0,2025-06-06 08:10:43.159000+00:00,8,Morning
8,53.8,13.9,41.0,3164.4,Vegetative Stage,10,0,2025-06-06 09:10:43.159000+00:00,9,Morning
9,51.4,25.3,34.5,3313.1,Vegetative Stage,11,1,2025-06-06 10:10:43.159000+00:00,10,Morning
10,71.4,14.1,39.1,5290.0,Vegetative Stage,0,0,2025-06-06 11:10:43.159000+00:00,11,Morning
11,69.5,27.8,41.1,7416.5,Vegetative Stage,1,0,2025-06-06 12:10:43.159000+00:00,12,Afternoon
12,67.7,32.0,37.9,6864.6,Vegetative Stage,2,0,2025-06-06 13:10:43.159000+00:00,13,Afternoon
13,65.8,24.6,45.8,6795.8,Vegetative Stage,3,0,2025-06-06 14:10:43.159000+00:00,14,Afternoon
14,63.3,14.9,39.3,7899.8,Vegetative Stage,4,0,2025-06-06 15:10:43.159000+00:00,15,Afternoon
15,61.8,20.0,33.2,3450.0,Vegetative Stage,5,0,2025-06-06 16:10:43.159000+00:00,16,Afternoon
16,59.4,19.4,33.3,3192.7,Vegetative Stage,6,0,2025-06-06 17:10:43.159000+00:00,17,Evening
17,57.4,17.7,40.0,3388.1,Vegetative Stage,7,0,2025-06-06 18:10:43.159000+00:00,18,Evening
18,55.2,28.1,41.1,2684.8,Vegetative Stage,8,0,2025-06-06 19:10:43.159000+00:00,19,Evening
19,53.2,12.8,39.6,216.0,Vegetative Stage,9,0,2025-06-06 20:10:43.159000+00:00,20,Evening
20,51.6,23.0,34.7,190.7,Vegetative Stage,10,0,2025-06-06 21:10:43.159000+00:00,21,Night
21,49.3,31.4,28.3,135.9,Vegetative Stage,11,0,2025-06-06 22:10:43.159000+00:00,22,Night
22,47.0,33.1,20.0,357.6,Vegetative Stage,12,0,2025-06-06 23:10:43.159000+00:00,23,Night
23,44.9,16.3,28.4,189.1,Vegetative Stage,13,1,2025-06-07 00:10:43.159000+00:00,0,Night
24,84.2,15.9,50.5,53.0,Vegetative Stage,0,0,2025-06-07 01:10:43.159000+00:00,1,Night
25,81.8,22.3,49.8,238.7,Vegetative Stage,1,0,2025-06-07 02:10:43.159000+00:00,2,Night
26,79.9,26.2,48.2,173.6,Vegetative Stage,2,0,2025-06-07 03:10:43.159000+00:00,3,Night
27,77.6,29.4,39.9,204.2,Vegetative Stage,3,0,2025-06-07 04:10:43.159000+00:00,4,Night
28,76.0,20.7,48.4,5.3,Vegetative Stage,4,0,2025-06-07 05:10:43.159000+00:00,5,Night
29,73.5,26.9,47.3,2178.5,Vegetative Stage,5,0,2025-06-07 06:10:43.159000+00:00,6,Morning
30,71.2,23.8,46.1,1096.0,Vegetative Stage,6,0,2025-06-07 07:10:43.159000+00:00,7,Morning
31,68.8,23.7,46.0,1764.1,Vegetative Stage,7,0,2025-06-07 08:10:43.159000+00:00,8,Morning
32,66.8,12.9,43.1,4495.7,Vegetative Stage,8,0,2025-06-07 09:10:43.159000+00:00,9,Morning
33,65.3,33.4,37.1,3196.2,Vegetative Stage,9,0,2025-06-07 10:10:43.159000+00:00,10,Morning
34,62.8,24.9,37.3,4996.6,Vegetative Stage,10,0,2025-06-07 11:10:43.159000+00:00,11,Morning
35,60.6,20.9,36.8,8775.4,Vegetative Stage,11,0,2025-06-07 12:10:43.159000+00:00,12,Afternoon
36,58.8,28.0,35.8,8034.8,Vegetative Stage,12,0,2025-06-07 13:10:43.159000+00:00,13,Afternoon
37,56.6,31.0,39.0,8998.2,Vegetative Stage,13,1,2025-06-07 14:10:43.159000+00:00,14,Afternoon
38,79.3,28.9,50.8,8276.7,Vegetative Stage,0,0,2025-06-07 15:10:43.159000+00:00,15,Afternoon
39,77.0,22.2,56.6,2086.8,Vegetative Stage,1,0,2025-06-07 16:10:43.159000+00:00,16,Afternoon
40,75.3,24.2,56.2,2032.7,Vegetative Stage,2,0,2025-06-07 17:10:43.159000+00:00,17,Evening
41,73.5,26.7,44.5,3083.4,Vegetative Stage,3,0,2025-06-07 18:10:43.159000+00:00,18,Evening
42,71.2,20.5,23.5,2954.7,Vegetative Stage,4,0,2025-06-07 19:10:43.159000+00:00,19,Evening
43,69.4,16.4,47.8,199.1,Vegetative Stage,5,0,2025-06-07 20:10:43.159000+00:00,20,Evening
44,67.3,21.8,37.7,371.7,Vegetative Stage,6,0,2025-06-07 21:10:43.159000+00:00,21,Night
45,65.1,28.6,35.1,330.0,Vegetative Stage,7,0,2025-06-07 22:10:43.159000+00:00,22,Night
46,62.9,31.0,35.7,198.7,Vegetative Stage,8,0,2025-06-07 23:10:43.159000+00:00,23,Night
47,61.2,29.0,34.5,120.2,Vegetative Stage,9,0,2025-06-08 00:10:43.159000+00:00,0,Night
48,59.6,37.2,38.8,201.0,Vegetative Stage,10,0,2025-06-08 01:10:43.159000+00:00,1,Night
49,57.6,29.5,26.8,459.3,Vegetative Stage,11,0,2025-06-08 02:10:43.159000+00:00,2,Night
50,55.8,25.3,28.1,136.9,Vegetative Stage,12,1,2025-06-08 03:10:43.159000+00:00,3,Night
51,80.0,18.3,49.7,345.9,Vegetative Stage,0,0,2025-06-08 04:10:43.159000+00:00,4,Night
52,77.9,29.9,49.9,356.6,Vegetative Stage,1,0,2025-06-08 05:10:43.159000+00:00,5,Night
53,75.4,33.0,48.4,1662.0,Vegetative Stage,2,0,2025-06-08 06:10:43.159000+00:00,6,Morning
54,73.3,36.8,40.0,2727.4,Vegetative Stage,3,0,2025-06-08 07:10:43.159000+00:00,7,Morning
55,71.8,35.1,38.2,1641.9,Vegetative Stage,4,0,2025-06-08 08:10:43.159000+00:00,8,Morning
56,69.6,38.7,39.2,4740.9,Vegetative Stage,5,0,2025-06-08 09:10:43.159000+00:00,9,Morning
57,67.1,26.5,41.5,5397.5,Vegetative Stage,6,0,2025-06-08 10:10:43.159000+00:00,10,Morning
58,65.5,28.0,46.7,4418.2,Vegetative Stage,7,0,2025-06-08 11:10:43.159000+00:00,11,Morning
59,63.8,18.3,28.0,6501.6,Vegetative Stage,8,0,2025-06-08 12:10:43.159000+00:00,12,Afternoon
60,62.0,15.2,36.1,6559.0,Vegetative Stage,9,0,2025-06-08 13:10:43.159000+00:00,13,Afternoon
61,60.5,25.5,29.6,8950.0,Vegetative Stage,10,0,2025-06-08 14:10:43.159000+00:00,14,Afternoon
62,58.3,30.1,26.7,9120.3,Vegetative Stage,11,1,2025-06-08 15:10:43.159000+00:00,15,Afternoon
63,78.0,23.3,51.6,3765.9,Vegetative Stage,0,0,2025-06-08 16:10:43.159000+00:00,16,Afternoon
64,76.0,33.0,48.3,2066.7,Vegetative Stage,1,0,2025-06-08 17:10:43.159000+00:00,17,Evening
65,73.5,25.5,46.3,2503.5,Vegetative Stage,2,0,2025-06-08 18:10:43.159000+00:00,18,Evening
66,71.6,34.6,47.6,2516.0,Vegetative Stage,3,0,2025-06-08 19:10:43.159000+00:00,19,Evening
67,69.2,24.9,39.1,205.5,Vegetative Stage,4,0,2025-06-08 20:10:43.159000+00:00,20,Evening
68,67.3,35.8,38.2,275.2,Vegetative Stage,5,0,2025-06-08 21:10:43.159000+00:00,21,Night
69,64.9,29.0,49.9,364.7,Vegetative Stage,6,0,2025-06-08 22:10:43.159000+00:00,22,Night
70,63.0,35.5,36.6,242.9,Vegetative Stage,7,0,2025-06-08 23:10:43.159000+00:00,23,Night
71,60.6,31.9,40.0,111.6,Vegetative Stage,8,0,2025-06-09 00:10:43.159000+00:00,0,Night
72,58.8,28.6,35.3,32.5,Vegetative Stage,9,0,2025-06-09 01:10:43.159000+00:00,1,Night
73,57.0,21.5,25.0,137.6,Vegetative Stage,10,0,2025-06-09 02:10:43.159000+00:00,2,Night
74,55.3,23.5,23.0,124.4,Vegetative Stage,11,0,2025-06-09 03:10:43.159000+00:00,3,Night
75,53.2,23.4,29.0,126.2,Vegetative Stage,12,0,2025-06-09 04:10:43.159000+00:00,4,Night
76,51.1,27.2,35.9,161.5,Vegetative Stage,13,0,2025-06-09 05:10:43.159000+00:00,5,Night
77,48.8,26.1,33.2,2322.9,Vegetative Stage,14,0,2025-06-09 06:10:43.159000+00:00,6,Morning
78,46.8,26.1,32.7,1809.7,Vegetative Stage,15,0,2025-06-09 07:10:43.159000+00:00,7,Morning
79,44.7,37.6,21.9,2855.2,Vegetative Stage,16,1,2025-06-09 08:10:43.159000+00:00,8,Morning
80,83.0,14.0,57.9,3574.4,Vegetative Stage,0,0,2025-06-09 09:10:43.159000+00:00,9,Morning
81,81.3,29.5,44.0,4487.0,Vegetative Stage,1,0,2025-06-09 10:10:43.159000+00:00,10,Morning
82,79.1,22.7,48.5,3135.7,Vegetative Stage,2,0,2025-06-09 11:10:43.159000+00:00,11,Morning
83,77.1,29.2,46.2,7266.2,Vegetative Stage,3,0,2025-06-09 12:10:43.159000+00:00,12,Afternoon
84,75.1,29.0,44.2,7739.6,Vegetative Stage,4,0,2025-06-09 13:10:43.159000+00:00,13,Afternoon
85,73.3,25.5,50.7,8833.7,Vegetative Stage,5,0,2025-06-09 14:10:43.159000+00:00,14,Afternoon
86,71.7,17.1,39.5,7081.1,Vegetative Stage,6,0,2025-06-09 15:10:43.159000+00:00,15,Afternoon
87,70.0,17.9,35.3,2702.5,Vegetative Stage,7,0,2025-06-09 16:10:43.159000+00:00,16,Afternoon
88,67.6,20.1,40.7,3318.7,Vegetative Stage,8,0,2025-06-09 17:10:43.159000+00:00,17,Evening
89,66.0,26.9,37.6,3339.0,Vegetative Stage,9,0,2025-06-09 18:10:43.159000+00:00,18,Evening
90,64.2,22.1,55.4,2788.6,Vegetative Stage,10,0,2025-06-09 19:10:43.159000+00:00,19,Evening
91,62.1,15.7,40.6,252.9,Vegetative Stage,11,0,2025-06-09 20:10:43.159000+00:00,20,Evening
92,60.1,34.5,34.0,381.2,Vegetative Stage,12,1,2025-06-09 21:10:43.159000+00:00,21,Night
93,78.9,34.6,42.1,296.5,Vegetative Stage,0,0,2025-06-09 22:10:43.159000+00:00,22,Night
94,76.6,23.2,36.6,381.5,Vegetative Stage,1,0,2025-06-09 23:10:43.159000+00:00,23,Night
95,74.7,20.5,39.7,23.8,Vegetative Stage,2,0,2025-06-10 00:10:43.159000+00:00,0,Night
96,72.3,28.4,44.0,390.0,Vegetative Stage,3,0,2025-06-10 01:10:43.159000+00:00,1,Night
97,70.3,32.4,49.3,481.2,Vegetative Stage,4,0,2025-06-10 02:10:43.159000+00:00,2,Night
98,68.8,28.5,46.9,231.1,Vegetative Stage,5,0,2025-06-10 03:10:43.159000+00:00,3,Night
99,66.5,28.4,41.0,492.5,Vegetative Stage,6,0,2025-06-10 04:10:43.159000+00:00,4,Night
0,64.3,34.8,37.0,306.2,Vegetative Stage,7,0,2025-06-10 05:10:43.159000+00:00,5,Night
1,61.8,39.8,38.4,2148.1,Vegetative Stage,8,0,2025-06-10 06:10:43.159000+00:00,6,Morning
2,60.2,24.2,33.5,1986.8,Vegetative Stage,9,0,2025-06-10 07:10:43.159000+00:00,7,Morning
3,57.8,32.9,43.3,1394.7,Vegetative Stage,10,0,2025-06-10 08:10:43.159000+00:00,8,Morning
4,55.9,13.3,32.6,3714.0,Vegetative Stage,11,1,2025-06-10 09:10:43.159000+00:00,9,Morning
5,77.7,21.6,46.2,3337.3,Vegetative Stage,0,0,2025-06-10 10:10:43.159000+00:00,10,Morning
6,75.5,26.7,34.2,5547.3,Vegetative Stage,1,0,2025-06-10 11:10:43.159000+00:00,11,Morning
7,73.9,17.9,43.4,6353.3,Vegetative Stage,2,0,2025-06-10 12:10:43.159000+00:00,12,Afternoon
8,71.7,22.1,47.2,9513.6,Vegetative Stage,3,0,2025-06-10 13:10:43.159000+00:00,13,Afternoon
9,69.3,31.5,36.2,6979.2,Vegetative Stage,4,0,2025-06-10 14:10:43.159000+00:00,14,Afternoon
10,66.8,21.0,36.3,7947.2,Vegetative Stage,5,0,2025-06-10 15:10:43.159000+00:00,15,Afternoon
11,64.3,28.0,42.5,2026.2,Vegetative Stage,6,0,2025-06-10 16:10:43.159000+00:00,16,Afternoon
12,62.3,21.1,30.0,3219.8,Vegetative Stage,7,0,2025-06-10 17:10:43.159000+00:00,17,Evening
13,60.6,22.6,41.6,2044.7,Vegetative Stage,8,0,2025-06-10 18:10:43.159000+00:00,18,Evening
14,58.8,14.2,32.6,3816.4,Vegetative Stage,9,0,2025-06-10 19:10:43.159000+00:00,19,Evening
15,57.2,16.6,32.4,133.7,Vegetative Stage,10,0,2025-06-10 20:10:43.159000+00:00,20,Evening
16,54.9,19.5,27.3,294.9,Vegetative Stage,11,0,2025-06-10 21:10:43.159000+00:00,21,Night
17,52.9,17.9,33.6,73.8,Vegetative Stage,12,0,2025-06-10 22:10:43.159000+00:00,22,Night
18,51.3,27.2,43.1,293.1,Vegetative Stage,13,1,2025-06-10 23:10:43.159000+00:00,23,Night
19,79.3,15.6,51.5,291.6,Vegetative Stage,0,0,2025-06-11 00:10:43.159000+00:00,0,Night
20,77.7,21.1,42.3,428.2,Vegetative Stage,1,0,2025-06-11 01:10:43.159000+00:00,1,Night
21,75.4,26.0,50.9,264.7,Vegetative Stage,2,0,2025-06-11 02:10:43.159000+00:00,2,Night
22,73.5,34.3,42.5,12.9,Vegetative Stage,3,0,2025-06-11 03:10:43.159000+00:00,3,Night
23,71.0,15.7,49.5,260.0,Vegetative Stage,4,0,2025-06-11 04:10:43.159000+00:00,4,Night
24,68.7,15.1,45.3,283.3,Vegetative Stage,5,0,2025-06-11 05:10:43.159000+00:00,5,Night
25,66.3,19.1,25.1,2601.8,Vegetative Stage,6,0,2025-06-11 06:10:43.159000+00:00,6,Morning
26,64.2,19.8,33.5,1561.0,Vegetative Stage,7,0,2025-06-11 07:10:43.159000+00:00,7,Morning
27,62.6,34.7,42.3,1099.8,Vegetative Stage,8,0,2025-06-11 08:10:43.159000+00:00,8,Morning
28,60.1,18.4,36.8,5519.5,Vegetative Stage,9,0,2025-06-11 09:10:43.159000+00:00,9,Morning
29,58.5,35.1,30.0,3416.3,Vegetative Stage,10,0,2025-06-11 10:10:43.159000+00:00,10,Morning
30,57.0,19.9,31.0,5982.1,Vegetative Stage,11,0,2025-06-11 11:10:43.159000+00:00,11,Morning
31,54.7,24.2,23.3,9419.0,Vegetative Stage,12,0,2025-06-11 12:10:43.159000+00:00,12,Afternoon
32,52.6,14.4,31.1,9840.5,Vegetative Stage,13,0,2025-06-11 13:10:43.159000+00:00,13,Afternoon
33,50.3,36.5,41.2,7727.2,Vegetative Stage,14,0,2025-06-11 14:10:43.159000+00:00,14,Afternoon
34,48.4,21.4,33.1,8740.3,Vegetative Stage,15,1,2025-06-11 15:10:43.159000+00:00,15,Afternoon
35,71.6,18.0,53.9,2842.2,Vegetative Stage,0,0,2025-06-11 16:10:43.159000+00:00,16,Afternoon
36,69.2,26.7,45.9,3213.0,Vegetative Stage,1,0,2025-06-11 17:10:43.159000+00:00,17,Evening
37,66.9,34.1,45.3,3697.5,Vegetative Stage,2,0,2025-06-11 18:10:43.159000+00:00,18,Evening
38,64.5,34.1,48.6,2841.0,Vegetative Stage,3,0,2025-06-11 19:10:43.159000+00:00,19,Evening
39,62.1,27.3,39.1,261.7,Vegetative Stage,4,0,2025-06-11 20:10:43.159000+00:00,20,Evening
40,60.5,19.2,35.4,195.0,Vegetative Stage,5,0,2025-06-11 21:10:43.159000+00:00,21,Night
41,58.5,21.6,40.3,348.1,Vegetative Stage,6,0,2025-06-11 22:10:43.159000+00:00,22,Night
42,56.6,24.1,41.2,443.2,Vegetative Stage,7,0,2025-06-11 23:10:43.159000+00:00,23,Night
43,55.0,23.1,30.6,0.6,Vegetative Stage,8,0,2025-06-12 00:10:43.159000+00:00,0,Night
44,52.5,15.7,27.9,358.0,Vegetative Stage,9,0,2025-06-12 01:10:43.159000+00:00,1,Night
45,50.9,29.6,31.2,470.1,Vegetative Stage,10,1,2025-06-12 02:10:43.159000+00:00,2,Night
46,82.4,34.5,53.6,168.3,Vegetative Stage,0,0,2025-06-12 03:10:43.159000+00:00,3,Night
47,80.3,26.2,52.2,406.2,Vegetative Stage,1,0,2025-06-12 04:10:43.159000+00:00,4,Night
48,78.6,33.3,40.0,203.0,Vegetative Stage,2,0,2025-06-12 05:10:43.159000+00:00,5,Night
49,76.3,31.2,55.3,2034.2,Vegetative Stage,3,0,2025-06-12 06:10:43.159000+00:00,6,Morning
50,73.9,23.2,41.1,1204.6,Vegetative Stage,4,0,2025-06-12 07:10:43.159000+00:00,7,Morning
51,71.8,22.2,41.8,1530.8,Vegetative Stage,5,0,2025-06-12 08:10:43.159000+00:00,8,Morning
52,69.6,27.3,37.2,3578.5,Vegetative Stage,6,0,2025-06-12 09:10:43.159000+00:00,9,Morning
53,67.4,34.0,53.9,4116.9,Vegetative Stage,7,0,2025-06-12 10:10:43.159000+00:00,10,Morning
54,65.6,30.7,40.6,4088.0,Vegetative Stage,8,0,2025-06-12 11:10:43.159000+00:00,11,Morning
55,63.6,34.0,33.9,9234.0,Vegetative Stage,9,0,2025-06-12 12:10:43.159000+00:00,12,Afternoon
56,61.1,37.3,41.0,9122.2,Vegetative Stage,10,0,2025-06-12 13:10:43.159000+00:00,13,Afternoon
57,58.8,29.9,39.1,7330.1,Vegetative Stage,11,0,2025-06-12 14:10:43.159000+00:00,14,Afternoon
58,56.9,28.0,33.2,9193.3,Vegetative Stage,12,0,2025-06-12 15:10:43.159000+00:00,15,Afternoon
59,54.6,10.5,37.0,3108.1,Vegetative Stage,13,0,2025-06-12 16:10:43.159000+00:00,16,Afternoon
60,52.1,21.9,27.1,2351.6,Vegetative Stage,14,1,2025-06-12 17:10:43.159000+00:00,17,Evening
61,82.0,27.0,46.7,3842.1,Vegetative Stage,0,0,2025-06-12 18:10:43.159000+00:00,18,Evening
62,80.1,22.6,38.0,2161.3,Vegetative Stage,1,0,2025-06-12 19:10:43.159000+00:00,19,Evening
63,78.6,22.9,40.5,486.6,Vegetative Stage,2,0,2025-06-12 20:10:43.159000+00:00,20,Evening
64,76.2,32.7,54.8,361.3,Vegetative Stage,3,0,2025-06-12 21:10:43.159000+00:00,21,Night
65,74.1,28.7,52.7,302.6,Vegetative Stage,4,0,2025-06-12 22:10:43.159000+00:00,22,Night
66,72.0,33.7,43.5,160.6,Vegetative Stage,5,0,2025-06-12 23:10:43.159000+00:00,23,Night
67,69.9,13.2,50.3,88.1,Vegetative Stage,6,0,2025-06-13 00:10:43.159000+00:00,0,Night
68,68.1,35.4,40.1,13.2,Vegetative Stage,7,0,2025-06-13 01:10:43.159000+00:00,1,Night
69,66.5,26.8,38.7,267.4,Vegetative Stage,8,0,2025-06-13 02:10:43.159000+00:00,2,Night
70,64.0,30.7,38.7,28.7,Vegetative Stage,9,0,2025-06-13 03:10:43.159000+00:00,3,Night
71,61.8,29.3,36.5,180.2,Vegetative Stage,10,0,2025-06-13 04:10:43.159000+00:00,4,Night
72,59.7,26.4,34.7,157.6,Vegetative Stage,11,0,2025-06-13 05:10:43.159000+00:00,5,Night
73,57.2,21.0,40.0,2986.9,Vegetative Stage,12,0,2025-06-13 06:10:43.159000+00:00,6,Morning
74,54.9,22.1,33.7,1795.4,Vegetative Stage,13,0,2025-06-13 07:10:43.159000+00:00,7,Morning
75,52.4,25.8,35.0,2810.8,Vegetative Stage,14,1,2025-06-13 08:10:43.159000+00:00,8,Morning
76,80.8,34.8,53.6,4457.0,Vegetative Stage,0,0,2025-06-13 09:10:43.159000+00:00,9,Morning
77,78.5,20.8,49.0,3978.4,Vegetative Stage,1,0,2025-06-13 10:10:43.159000+00:00,10,Morning
78,76.8,30.8,41.2,3840.9,Vegetative Stage,2,0,2025-06-13 11:10:43.159000+00:00,11,Morning
79,75.1,36.2,38.3,9577.4,Vegetative Stage,3,0,2025-06-13 12:10:43.159000+00:00,12,Afternoon
80,73.4,17.2,44.8,6821.6,Vegetative Stage,4,0,2025-06-13 13:10:43.159000+00:00,13,Afternoon
81,71.7,25.4,42.2,8137.9,Vegetative Stage,5,0,2025-06-13 14:10:43.159000+00:00,14,Afternoon
82,69.4,20.2,42.1,9279.7,Vegetative Stage,6,0,2025-06-13 15:10:43.159000+00:00,15,Afternoon
83,67.5,29.9,40.4,3314.9,Vegetative Stage,7,0,2025-06-13 16:10:43.159000+00:00,16,Afternoon
84,65.4,33.0,52.2,2890.3,Vegetative Stage,8,0,2025-06-13 17:10:43.159000+00:00,17,Evening
85,63.7,27.2,31.6,3714.7,Vegetative Stage,9,0,2025-06-13 18:10:43.159000+00:00,18,Evening
86,61.3,21.0,26.8,3619.7,Vegetative Stage,10,0,2025-06-13 19:10:43.159000+00:00,19,Evening
87,58.9,21.1,37.0,322.0,Vegetative Stage,11,1,2025-06-13 20:10:43.159000+00:00,20,Evening
88,79.7,24.6,45.9,13.5,Vegetative Stage,0,0,2025-06-13 21:10:43.159000+00:00,21,Night
89,77.5,21.2,48.1,330.3,Vegetative Stage,1,0,2025-06-13 22:10:43.159000+00:00,22,Night
90,75.8,23.3,48.4,423.2,Vegetative Stage,2,0,2025-06-13 23:10:43.159000+00:00,23,Night
91,73.7,19.8,50.6,370.7,Vegetative Stage,3,0,2025-06-14 00:10:43.159000+00:00,0,Night
92,72.1,35.2,35.7,491.9,Vegetative Stage,4,0,2025-06-14 01:10:43.159000+00:00,1,Night
93,69.7,32.3,39.0,210.2,Vegetative Stage,5,0,2025-06-14 02:10:43.159000+00:00,2,Night
94,67.9,27.7,42.9,205.7,Vegetative Stage,6,0,2025-06-14 03:10:43.159000+00:00,3,Night
95,66.3,20.0,43.6,96.7,Vegetative Stage,7,0,2025-06-14 04:10:43.159000+00:00,4,Night
96,64.4,20.4,49.6,195.0,Vegetative Stage,8,0,2025-06-14 05:10:43.159000+00:00,5,Night
97,62.3,29.2,42.2,2883.4,Vegetative Stage,9,0,2025-06-14 06:10:43.159000+00:00,6,Morning
98,60.6,30.2,36.1,2628.5,Vegetative Stage,10,0,2025-06-14 07:10:43.159000+00:00,7,Morning
99,58.8,30.4,30.8,1144.1,Vegetative Stage,11,1,2025-06-14 08:10:43.159000+00:00,8,Morning
0,75.9,32.7,42.7,3399.7,Vegetative Stage,0,0,2025-06-14 09:10:43.159000+00:00,9,Morning
1,73.5,30.6,41.1,3428.2,Vegetative Stage,1,0,2025-06-14 10:10:43.159000+00:00,10,Morning
2,72.0,26.6,46.5,5974.6,Vegetative Stage,2,0,2025-06-14 11:10:43.159000+00:00,11,Morning
3,69.9,27.7,43.2,6545.1,Vegetative Stage,3,0,2025-06-14 12:10:43.159000+00:00,12,Afternoon
4,67.9,26.3,34.1,7874.1,Vegetative Stage,4,0,2025-06-14 13:10:43.159000+00:00,13,Afternoon
5,65.9,17.7,37.4,8485.5,Vegetative Stage,5,0,2025-06-14 14:10:43.159000+00:00,14,Afternoon
6,63.9,28.9,42.7,7064.1,Vegetative Stage,6,0,2025-06-14 15:10:43.159000+00:00,15,Afternoon
7,62.2,16.3,39.1,3631.4,Vegetative Stage,7,0,2025-06-14 16:10:43.159000+00:00,16,Afternoon
8,59.9,21.9,38.8,3874.5,Vegetative Stage,8,0,2025-06-14 17:10:43.159000+00:00,17,Evening
9,58.4,30.8,37.0,2133.8,Vegetative Stage,9,0,2025-06-14 18:10:43.159000+00:00,18,Evening
10,56.1,15.3,41.8,2043.4,Vegetative Stage,10,0,2025-06-14 19:10:43.159000+00:00,19,Evening
11,53.9,28.1,33.5,432.9,Vegetative Stage,11,0,2025-06-14 20:10:43.159000+00:00,20,Evening
12,52.4,28.1,29.5,459.5,Vegetative Stage,12,1,2025-06-14 21:10:43.159000+00:00,21,Night
13,83.4,27.7,45.5,408.4,Vegetative Stage,0,0,2025-06-14 22:10:43.159000+00:00,22,Night
14,81.5,12.4,50.1,286.6,Vegetative Stage,1,0,2025-06-14 23:10:43.159000+00:00,23,Night
15,79.8,17.3,35.7,154.2,Vegetative Stage,2,0,2025-06-15 00:10:43.159000+00:00,0,Night
16,77.6,20.1,45.6,405.9,Vegetative Stage,3,0,2025-06-15 01:10:43.159000+00:00,1,Night
17,75.3,19.6,44.2,73.7,Vegetative Stage,4,0,2025-06-15 02:10:43.159000+00:00,2,Night
18,73.4,32.6,37.2,3.4,Vegetative Stage,5,0,2025-06-15 03:10:43.159000+00:00,3,Night
19,71.8,14.0,38.4,356.4,Vegetative Stage,6,0,2025-06-15 04:10:43.159000+00:00,4,Night
20,69.8,24.5,45.9,437.1,Flowering Stage,7,0,2025-06-15 05:10:43.159000+00:00,5,Night
21,68.2,32.5,42.1,1977.6,Flowering Stage,8,0,2025-06-15 06:10:43.159000+00:00,6,Morning
22,65.8,36.0,40.0,1658.6,Flowering Stage,9,0,2025-06-15 07:10:43.159000+00:00,7,Morning
23,63.8,14.7,39.8,1714.7,Flowering Stage,10,0,2025-06-15 08:10:43.159000+00:00,8,Morning
24,62.1,11.7,37.7,4310.3,Flowering Stage,11,1,2025-06-15 09:10:43.159000+00:00,9,Morning
25,80.6,22.9,54.6,4618.7,Flowering Stage,0,0,2025-06-15 10:10:43.159000+00:00,10,Morning
26,78.9,21.2,48.0,5509.0,Flowering Stage,1,0,2025-06-15 11:10:43.159000+00:00,11,Morning
27,76.6,28.3,38.7,8683.9,Flowering Stage,2,0,2025-06-15 12:10:43.159000+00:00,12,Afternoon
28,74.3,18.9,52.7,8362.2,Flowering Stage,3,0,2025-06-15 13:10:43.159000+00:00,13,Afternoon
29,72.6,26.9,45.4,6831.8,Vegetative Stage,4,0,2025-06-15 14:10:43.159000+00:00,14,Afternoon
30,70.2,26.3,39.2,7268.8,Flowering Stage,5,0,2025-06-15 15:10:43.159000+00:00,15,Afternoon
31,67.7,20.3,34.4,2383.9,Flowering Stage,6,0,2025-06-15 16:10:43.159000+00:00,16,Afternoon
32,66.0,13.6,41.6,3252.3,Flowering Stage,7,0,2025-06-15 17:10:43.159000+00:00,17,Evening
33,63.8,36.1,37.7,3507.9,Vegetative Stage,8,0,2025-06-15 18:10:43.159000+00:00,18,Evening
34,61.8,24.0,45.0,2701.7,Vegetative Stage,9,0,2025-06-15 19:10:43.159000+00:00,19,Evening
35,59.9,18.5,34.2,480.3,Flowering Stage,10,0,2025-06-15 20:10:43.159000+00:00,20,Evening
36,57.5,22.8,30.3,19.2,Flowering Stage,11,1,2025-06-15 21:10:43.159000+00:00,21,Night
37,76.1,32.6,50.1,428.1,Flowering Stage,0,0,2025-06-15 22:10:43.159000+00:00,22,Night
38,74.3,26.3,49.2,324.9,Vegetative Stage,1,0,2025-06-15 23:10:43.159000+00:00,23,Night
39,72.5,24.1,44.3,448.8,Flowering Stage,2,0,2025-06-16 00:10:43.159000+00:00,0,Night
40,70.6,23.2,45.7,19.4,Flowering Stage,3,0,2025-06-16 01:10:43.159000+00:00,1,Night
41,68.5,25.4,40.9,227.9,Flowering Stage,4,0,2025-06-16 02:10:43.159000+00:00,2,Night
42,66.2,24.1,40.9,229.0,Flowering Stage,5,0,2025-06-16 03:10:43.159000+00:00,3,Night
43,64.3,19.6,44.4,440.5,Flowering Stage,6,0,2025-06-16 04:10:43.159000+00:00,4,Night
44,62.7,20.9,40.7,312.1,Flowering Stage,7,0,2025-06-16 05:10:43.159000+00:00,5,Night
45,61.2,30.3,35.9,2800.0,Flowering Stage,8,0,2025-06-16 06:10:43.159000+00:00,6,Morning
46,58.8,31.0,42.0,2887.9,Flowering Stage,9,0,2025-06-16 07:10:43.159000+00:00,7,Morning
47,57.1,27.5,22.4,1222.7,Flowering Stage,10,0,2025-06-16 08:10:43.159000+00:00,8,Morning
48,54.7,40.1,43.1,5133.5,Flowering Stage,11,0,2025-06-16 09:10:43.159000+00:00,9,Morning
49,52.5,31.2,23.0,4845.3,Flowering Stage,12,0,2025-06-16 10:10:43.159000+00:00,10,Morning
50,50.1,22.7,26.9,5870.4,Flowering Stage,13,0,2025-06-16 11:10:43.159000+00:00,11,Morning
51,48.3,17.7,28.8,7706.8,Flowering Stage,14,1,2025-06-16 12:10:43.159000+00:00,12,Afternoon
52,82.7,27.4,48.9,7642.7,Flowering Stage,0,0,2025-06-16 13:10:43.159000+00:00,13,Afternoon
53,80.6,34.2,53.4,9445.3,Flowering Stage,1,0,2025-06-16 14:10:43.159000+00:00,14,Afternoon
54,79.1,35.8,42.2,6919.6,Flowering Stage,2,0,2025-06-16 15:10:43.159000+00:00,15,Afternoon
55,76.7,34.8,47.3,2160.1,Flowering Stage,3,0,2025-06-16 16:10:43.159000+00:00,16,Afternoon
56,74.9,36.3,42.0,2510.3,Flowering Stage,4,0,2025-06-16 17:10:43.159000+00:00,17,Evening
57,72.8,28.8,45.2,2753.4,Flowering Stage,5,0,2025-06-16 18:10:43.159000+00:00,18,Evening
58,71.1,28.1,42.3,2154.9,Flowering Stage,6,0,2025-06-16 19:10:43.159000+00:00,19,Evening
59,69.2,21.0,42.0,385.0,Flowering Stage,7,0,2025-06-16 20:10:43.159000+00:00,20,Evening
60,66.8,13.2,37.3,365.7,Flowering Stage,8,0,2025-06-16 21:10:43.159000+00:00,21,Night
61,64.6,20.8,36.2,118.9,Flowering Stage,9,0,2025-06-16 22:10:43.159000+00:00,22,Night
62,62.8,28.3,39.1,220.2,Flowering Stage,10,0,2025-06-16 23:10:43.159000+00:00,23,Night
63,60.4,26.7,41.0,50.5,Flowering Stage,11,0,2025-06-17 00:10:43.159000+00:00,0,Night
64,58.5,31.3,32.1,283.2,Flowering Stage,12,1,2025-06-17 01:10:43.159000+00:00,1,Night
65,79.6,24.0,43.4,302.6,Flowering Stage,0,0,2025-06-17 02:10:43.159000+00:00,2,Night
66,77.7,33.1,49.7,446.1,Flowering Stage,1,0,2025-06-17 03:10:43.159000+00:00,3,Night
67,76.0,22.5,45.4,427.9,Flowering Stage,2,0,2025-06-17 04:10:43.159000+00:00,4,Night
68,74.1,38.1,48.6,196.1,Flowering Stage,3,0,2025-06-17 05:10:43.159000+00:00,5,Night
69,72.3,28.5,38.9,1112.0,Flowering Stage,4,0,2025-06-17 06:10:43.159000+00:00,6,Morning
70,70.3,35.2,33.3,1760.6,Flowering Stage,5,0,2025-06-17 07:10:43.159000+00:00,7,Morning
71,68.5,30.7,38.4,1305.5,Flowering Stage,6,0,2025-06-17 08:10:43.159000+00:00,8,Morning
72,66.9,23.2,36.3,5641.6,Flowering Stage,7,0,2025-06-17 09:10:43.159000+00:00,9,Morning
73,64.4,18.4,38.2,3032.3,Flowering Stage,8,0,2025-06-17 10:10:43.159000+00:00,10,Morning
74,62.0,24.5,34.0,4690.8,Flowering Stage,9,0,2025-06-17 11:10:43.159000+00:00,11,Morning
75,59.7,24.6,39.5,8557.0,Flowering Stage,10,0,2025-06-17 12:10:43.159000+00:00,12,Afternoon
76,57.9,29.2,33.3,7717.3,Flowering Stage,11,0,2025-06-17 13:10:43.159000+00:00,13,Afternoon
77,55.7,23.1,34.2,7001.8,Flowering Stage,12,0,2025-06-17 14:10:43.159000+00:00,14,Afternoon
78,53.6,27.7,32.9,9551.6,Flowering Stage,13,1,2025-06-17 15:10:43.159000+00:00,15,Afternoon
79,78.2,37.5,47.9,3906.6,Flowering Stage,0,0,2025-06-17 16:10:43.159000+00:00,16,Afternoon
80,76.4,18.5,45.7,2864.9,Flowering Stage,1,0,2025-06-17 17:10:43.159000+00:00,17,Evening
81,74.2,25.2,47.1,3277.3,Flowering Stage,2,0,2025-06-17 18:10:43.159000+00:00,18,Evening
82,72.6,20.5,39.6,3970.3,Flowering Stage,3,0,2025-06-17 19:10:43.159000+00:00,19,Evening
83,70.8,30.1,49.5,310.8,Flowering Stage,4,0,2025-06-17 20:10:43.159000+00:00,20,Evening
84,68.7,26.3,40.0,314.7,Flowering Stage,5,0,2025-06-17 21:10:43.159000+00:00,21,Night
85,67.1,24.6,33.7,288.3,Flowering Stage,6,0,2025-06-17 22:10:43.159000+00:00,22,Night
86,65.1,17.0,40.0,414.6,Flowering Stage,7,0,2025-06-17 23:10:43.159000+00:00,23,Night
87,62.8,21.9,33.4,11.7,Flowering Stage,8,0,2025-06-18 00:10:43.159000+00:00,0,Night
88,60.3,20.3,39.5,39.5,Flowering Stage,9,0,2025-06-18 01:10:43.159000+00:00,1,Night
89,57.8,22.8,45.7,254.5,Flowering Stage,10,0,2025-06-18 02:10:43.159000+00:00,2,Night
90,55.7,25.2,29.5,385.0,Flowering Stage,11,0,2025-06-18 03:10:43.159000+00:00,3,Night
91,54.0,15.2,34.1,484.8,Flowering Stage,12,0,2025-06-18 04:10:43.159000+00:00,4,Night
92,51.7,33.1,22.2,304.4,Flowering Stage,13,1,2025-06-18 05:10:43.159000+00:00,5,Night
93,80.7,28.5,50.7,2669.8,Flowering Stage,0,0,2025-06-18 06:10:43.159000+00:00,6,Morning
94,78.5,24.0,42.7,1878.6,Flowering Stage,1,0,2025-06-18 07:10:43.159000+00:00,7,Morning
95,76.1,21.3,42.5,1340.1,Flowering Stage,2,0,2025-06-18 08:10:43.159000+00:00,8,Morning
96,74.4,27.4,39.1,5203.1,Flowering Stage,3,0,2025-06-18 09:10:43.159000+00:00,9,Morning
97,72.0,32.9,46.9,3572.8,Flowering Stage,4,0,2025-06-18 10:10:43.159000+00:00,10,Morning
98,69.9,33.0,47.0,3493.8,Flowering Stage,5,0,2025-06-18 11:10:43.159000+00:00,11,Morning
99,67.4,30.8,40.6,8462.6,Flowering Stage,6,0,2025-06-18 12:10:43.159000+00:00,12,Afternoon
0,65.1,37.5,34.7,8697.1,Flowering Stage,7,0,2025-06-18 13:10:43.159000+00:00,13,Afternoon
1,63.3,39.6,45.9,7520.4,Flowering Stage,8,0,2025-06-18 14:10:43.159000+00:00,14,Afternoon
2,61.3,26.1,33.0,7444.8,Flowering Stage,9,0,2025-06-18 15:10:43.159000+00:00,15,Afternoon
3,59.4,31.7,24.8,3384.8,Flowering Stage,10,0,2025-06-18 16:10:43.159000+00:00,16,Afternoon
4,57.9,16.1,37.0,3384.8,Flowering Stage,11,1,2025-06-18 17:10:43.159000+00:00,17,Evening
5,80.8,21.1,43.0,3765.8,Flowering Stage,0,0,2025-06-18 18:10:43.159000+00:00,18,Evening
6,78.5,29.5,52.0,2115.3,Flowering Stage,1,0,2025-06-18 19:10:43.159000+00:00,19,Evening
7,76.5,16.7,44.0,104.8,Flowering Stage,2,0,2025-06-18 20:10:43.159000+00:00,20,Evening
8,74.2,17.6,47.5,217.3,Flowering Stage,3,0,2025-06-18 21:10:43.159000+00:00,21,Night
9,72.3,35.3,50.4,475.2,Flowering Stage,4,0,2025-06-18 22:10:43.159000+00:00,22,Night
10,70.8,23.5,36.4,124.4,Flowering Stage,5,0,2025-06-18 23:10:43.159000+00:00,23,Night
11,68.9,27.7,38.5,89.2,Flowering Stage,6,0,2025-06-19 00:10:43.159000+00:00,0,Night
12,66.6,22.7,39.6,183.6,Flowering Stage,7,0,2025-06-19 01:10:43.159000+00:00,1,Night
13,64.7,20.7,46.5,43.1,Flowering Stage,8,0,2025-06-19 02:10:43.159000+00:00,2,Night
14,62.7,13.8,34.3,378.6,Flowering Stage,9,0,2025-06-19 03:10:43.159000+00:00,3,Night
15,60.5,13.9,33.3,489.5,Flowering Stage,10,0,2025-06-19 04:10:43.159000+00:00,4,Night
16,58.4,17.8,37.4,159.1,Flowering Stage,11,0,2025-06-19 05:10:43.159000+00:00,5,Night
17,56.1,21.0,30.8,2034.0,Flowering Stage,12,0,2025-06-19 06:10:43.159000+00:00,6,Morning
18,54.3,29.5,33.3,2102.8,Flowering Stage,13,1,2025-06-19 07:10:43.159000+00:00,7,Morning
19,83.6,16.0,42.4,2759.4,Flowering Stage,0,0,2025-06-19 08:10:43.159000+00:00,8,Morning
20,81.3,21.9,59.9,3122.2,Flowering Stage,1,0,2025-06-19 09:10:43.159000+00:00,9,Morning
21,79.0,26.2,40.7,5074.6,Flowering Stage,2,0,2025-06-19 10:10:43.159000+00:00,10,Morning
22,77.2,36.9,44.7,5120.6,Flowering Stage,3,0,2025-06-19 11:10:43.159000+00:00,11,Morning
23,74.9,18.1,44.8,8502.3,Flowering Stage,4,0,2025-06-19 12:10:43.159000+00:00,12,Afternoon
24,73.1,16.5,53.4,7914.1,Flowering Stage,5,0,2025-06-19 13:10:43.159000+00:00,13,Afternoon
25,71.3,19.2,36.2,7094.6,Flowering Stage,6,0,2025-06-19 14:10:43.159000+00:00,14,Afternoon
26,69.1,17.3,51.4,7390.8,Flowering Stage,7,0,2025-06-19 15:10:43.159000+00:00,15,Afternoon
27,67.3,34.4,44.2,3197.9,Flowering Stage,8,0,2025-06-19 16:10:43.159000+00:00,16,Afternoon
28,65.5,20.9,41.4,3048.1,Flowering Stage,9,0,2025-06-19 17:10:43.159000+00:00,17,Evening
29,63.9,33.0,33.4,2395.4,Flowering Stage,10,0,2025-06-19 18:10:43.159000+00:00,18,Evening
30,61.5,24.6,39.8,3793.6,Flowering Stage,11,0,2025-06-19 19:10:43.159000+00:00,19,Evening
31,59.3,21.7,32.0,281.3,Flowering Stage,12,0,2025-06-19 20:10:43.159000+00:00,20,Evening
32,57.6,10.1,40.9,377.0,Flowering Stage,13,1,2025-06-19 21:10:43.159000+00:00,21,Night
33,78.7,32.6,42.4,250.1,Flowering Stage,0,0,2025-06-19 22:10:43.159000+00:00,22,Night
34,76.3,17.7,45.2,438.0,Flowering Stage,1,0,2025-06-19 23:10:43.159000+00:00,23,Night
35,74.1,16.0,41.7,402.8,Flowering Stage,2,0,2025-06-20 00:10:43.159000+00:00,0,Night
36,71.8,28.9,38.1,189.7,Flowering Stage,3,0,2025-06-20 01:10:43.159000+00:00,1,Night
37,70.3,31.7,45.9,78.2,Flowering Stage,4,0,2025-06-20 02:10:43.159000+00:00,2,Night
38,68.0,36.3,43.5,291.7,Flowering Stage,5,0,2025-06-20 03:10:43.159000+00:00,3,Night
39,66.1,28.1,45.7,494.2,Flowering Stage,6,0,2025-06-20 04:10:43.159000+00:00,4,Night
40,63.9,20.2,29.4,329.3,Flowering Stage,7,0,2025-06-20 05:10:43.159000+00:00,5,Night
41,62.2,27.3,42.6,2810.9,Flowering Stage,8,0,2025-06-20 06:10:43.159000+00:00,6,Morning
42,60.7,22.9,48.9,2297.4,Flowering Stage,9,0,2025-06-20 07:10:43.159000+00:00,7,Morning
43,59.0,16.6,33.1,1229.0,Flowering Stage,10,0,2025-06-20 08:10:43.159000+00:00,8,Morning
44,56.9,22.7,43.6,3502.7,Flowering Stage,11,0,2025-06-20 09:10:43.159000+00:00,9,Morning
45,55.4,28.3,31.9,3452.6,Flowering Stage,12,0,2025-06-20 10:10:43.159000+00:00,10,Morning
46,53.9,31.6,25.5,5565.6,Flowering Stage,13,0,2025-06-20 11:10:43.159000+00:00,11,Morning
47,52.4,27.7,29.9,6722.0,Flowering Stage,14,0,2025-06-20 12:10:43.159000+00:00,12,Afternoon
48,50.5,34.6,35.5,9118.4,Flowering Stage,15,1,2025-06-20 13:10:43.159000+00:00,13,Afternoon
49,71.5,32.3,38.7,8304.0,Flowering Stage,0,0,2025-06-20 14:10:43.159000+00:00,14,Afternoon
50,69.2,23.3,38.5,6680.0,Flowering Stage,1,0,2025-06-20 15:10:43.159000+00:00,15,Afternoon
51,67.4,22.9,43.4,2385.1,Flowering Stage,2,0,2025-06-20 16:10:43.159000+00:00,16,Afternoon
52,65.4,29.2,39.3,3439.6,Flowering Stage,3,0,2025-06-20 17:10:43.159000+00:00,17,Evening
53,63.1,31.5,40.8,3237.0,Flowering Stage,4,0,2025-06-20 18:10:43.159000+00:00,18,Evening
54,61.6,34.8,38.1,2407.6,Flowering Stage,5,0,2025-06-20 19:10:43.159000+00:00,19,Evening
55,60.1,34.8,38.5,481.0,Flowering Stage,6,0,2025-06-20 20:10:43.159000+00:00,20,Evening
56,57.8,39.4,32.5,350.0,Flowering Stage,7,0,2025-06-20 21:10:43.159000+00:00,21,Night
57,56.0,26.0,34.8,246.3,Flowering Stage,8,0,2025-06-20 22:10:43.159000+00:00,22,Night
58,54.4,29.6,28.0,421.0,Flowering Stage,9,0,2025-06-20 23:10:43.159000+00:00,23,Night
59,52.0,14.5,37.6,228.5,Flowering Stage,10,0,2025-06-21 00:10:43.159000+00:00,0,Night
60,49.8,20.1,26.7,56.0,Flowering Stage,11,0,2025-06-21 01:10:43.159000+00:00,1,Night
61,47.8,25.6,34.3,29.5,Flowering Stage,12,0,2025-06-21 02:10:43.159000+00:00,2,Night
62,45.3,18.2,26.0,192.1,Flowering Stage,13,0,2025-06-21 03:10:43.159000+00:00,3,Night
63,43.1,20.5,26.9,495.9,Flowering Stage,14,1,2025-06-21 04:10:43.159000+00:00,4,Night
64,83.0,33.2,47.3,471.1,Flowering Stage,0,0,2025-06-21 05:10:43.159000+00:00,5,Night
65,81.2,26.6,43.6,2545.4,Flowering Stage,1,0,2025-06-21 06:10:43.159000+00:00,6,Morning
66,78.9,33.2,38.6,2375.9,Flowering Stage,2,0,2025-06-21 07:10:43.159000+00:00,7,Morning
67,76.9,19.5,40.9,1479.3,Flowering Stage,3,0,2025-06-21 08:10:43.159000+00:00,8,Morning
68,75.2,31.1,43.5,4255.0,Flowering Stage,4,0,2025-06-21 09:10:43.159000+00:00,9,Morning
69,73.6,31.3,45.2,3540.9,Flowering Stage,5,0,2025-06-21 10:10:43.159000+00:00,10,Morning
70,71.5,30.8,48.0,4702.9,Flowering Stage,6,0,2025-06-21 11:10:43.159000+00:00,11,Morning
71,69.8,35.7,39.7,9208.5,Flowering Stage,7,0,2025-06-21 12:10:43.159000+00:00,12,Afternoon
72,68.0,26.5,36.4,8541.9,Flowering Stage,8,0,2025-06-21 13:10:43.159000+00:00,13,Afternoon
73,66.1,19.1,32.4,6970.4,Flowering Stage,9,0,2025-06-21 14:10:43.159000+00:00,14,Afternoon
74,64.5,21.6,41.1,7427.2,Flowering Stage,10,0,2025-06-21 15:10:43.159000+00:00,15,Afternoon
75,62.7,26.1,44.5,2973.1,Flowering Stage,11,0,2025-06-21 16:10:43.159000+00:00,16,Afternoon
76,60.4,32.4,42.6,2833.7,Flowering Stage,12,0,2025-06-21 17:10:43.159000+00:00,17,Evening
77,58.5,19.2,38.6,3407.8,Flowering Stage,13,0,2025-06-21 18:10:43.159000+00:00,18,Evening
78,56.9,33.0,37.3,2825.1,Flowering Stage,14,0,2025-06-21 19:10:43.159000+00:00,19,Evening
79,54.8,34.0,41.4,207.6,Flowering Stage,15,0,2025-06-21 20:10:43.159000+00:00,20,Evening
80,52.4,16.6,33.1,37.6,Flowering Stage,16,1,2025-06-21 21:10:43.159000+00:00,21,Night
81,84.4,23.6,53.9,274.4,Flowering Stage,0,0,2025-06-21 22:10:43.159000+00:00,22,Night
82,82.4,23.2,47.8,299.2,Flowering Stage,1,0,2025-06-21 23:10:43.159000+00:00,23,Night
83,80.8,33.4,41.7,50.1,Flowering Stage,2,0,2025-06-22 00:10:43.159000+00:00,0,Night
84,78.9,33.4,43.9,323.4,Flowering Stage,3,0,2025-06-22 01:10:43.159000+00:00,1,Night
85,76.5,24.5,45.9,37.1,Flowering Stage,4,0,2025-06-22 02:10:43.159000+00:00,2,Night
86,74.1,20.6,44.8,334.4,Flowering Stage,5,0,2025-06-22 03:10:43.159000+00:00,3,Night
87,72.4,15.7,53.1,205.3,Flowering Stage,6,0,2025-06-22 04:10:43.159000+00:00,4,Night
88,70.3,19.1,42.6,466.8,Flowering Stage,7,0,2025-06-22 05:10:43.159000+00:00,5,Night
89,68.7,24.3,47.1,1522.6,Flowering Stage,8,0,2025-06-22 06:10:43.159000+00:00,6,Morning
90,67.1,22.0,38.1,2953.0,Flowering Stage,9,0,2025-06-22 07:10:43.159000+00:00,7,Morning
91,65.4,17.1,37.7,2812.6,Flowering Stage,10,1,2025-06-22 08:10:43.159000+00:00,8,Morning
92,72.4,34.5,36.8,4793.4,Flowering Stage,0,0,2025-06-22 09:10:43.159000+00:00,9,Morning
93,69.9,33.0,38.2,3430.0,Flowering Stage,1,0,2025-06-22 10:10:43.159000+00:00,10,Morning
94,67.5,28.9,43.1,5575.4,Flowering Stage,2,0,2025-06-22 11:10:43.159000+00:00,11,Morning
95,65.4,21.9,39.3,9588.7,Flowering Stage,3,0,2025-06-22 12:10:43.159000+00:00,12,Afternoon
96,63.9,23.0,43.1,7450.6,Flowering Stage,4,0,2025-06-22 13:10:43.159000+00:00,13,Afternoon
97,62.0,23.0,38.1,8477.0,Flowering Stage,5,0,2025-06-22 14:10:43.159000+00:00,14,Afternoon
98,60.4,33.0,34.5,6778.5,Flowering Stage,6,0,2025-06-22 15:10:43.159000+00:00,15,Afternoon
99,58.5,26.6,45.8,3541.8,Flowering Stage,7,0,2025-06-22 16:10:43.159000+00:00,16,Afternoon
0,56.5,36.0,33.4,3829.6,Flowering Stage,8,0,2025-06-22 17:10:43.159000+00:00,17,Evening
1,54.7,35.0,38.6,3032.2,Flowering Stage,9,0,2025-06-22 18:10:43.159000+00:00,18,Evening
2,52.7,26.3,29.6,3341.6,Flowering Stage,10,0,2025-06-22 19:10:43.159000+00:00,19,Evening
3,50.9,30.2,34.1,95.9,Flowering Stage,11,1,2025-06-22 20:10:43.159000+00:00,20,Evening
4,82.7,19.8,54.3,38.0,Flowering Stage,0,0,2025-06-22 21:10:43.159000+00:00,21,Night
5,80.9,22.6,49.6,20.4,Flowering Stage,1,0,2025-06-22 22:10:43.159000+00:00,22,Night
6,78.5,30.0,35.3,312.1,Flowering Stage,2,0,2025-06-22 23:10:43.159000+00:00,23,Night
7,76.7,17.2,46.1,97.8,Flowering Stage,3,0,2025-06-23 00:10:43.159000+00:00,0,Night
8,74.3,20.0,50.7,182.7,Flowering Stage,4,0,2025-06-23 01:10:43.159000+00:00,1,Night
9,72.7,33.4,46.3,413.2,Flowering Stage,5,0,2025-06-23 02:10:43.159000+00:00,2,Night
10,70.6,17.2,44.6,109.0,Flowering Stage,6,0,2025-06-23 03:10:43.159000+00:00,3,Night
11,68.3,22.7,32.4,109.5,Flowering Stage,7,0,2025-06-23 04:10:43.159000+00:00,4,Night
12,66.3,30.2,36.2,406.4,Flowering Stage,8,0,2025-06-23 05:10:43.159000+00:00,5,Night
13,64.8,22.7,40.9,2840.8,Flowering Stage,9,0,2025-06-23 06:10:43.159000+00:00,6,Morning
14,62.5,12.2,39.6,2421.3,Flowering Stage,10,1,2025-06-23 07:10:43.159000+00:00,7,Morning
15,72.6,20.5,49.6,2260.4,Flowering Stage,0,0,2025-06-23 08:10:43.159000+00:00,8,Morning
16,71.0,20.9,41.9,5109.3,Flowering Stage,1,0,2025-06-23 09:10:43.159000+00:00,9,Morning
17,69.4,17.0,43.7,3377.2,Flowering Stage,2,0,2025-06-23 10:10:43.159000+00:00,10,Morning
18,67.7,31.7,40.7,3376.0,Flowering Stage,3,0,2025-06-23 11:10:43.159000+00:00,11,Morning
19,66.1,15.2,34.7,7212.6,Flowering Stage,4,0,2025-06-23 12:10:43.159000+00:00,12,Afternoon
20,64.6,21.2,27.5,8814.9,Flowering Stage,5,0,2025-06-23 13:10:43.159000+00:00,13,Afternoon
21,62.9,31.3,39.9,8671.6,Flowering Stage,6,0,2025-06-23 14:10:43.159000+00:00,14,Afternoon
22,60.6,32.6,37.2,6233.4,Flowering Stage,7,0,2025-06-23 15:10:43.159000+00:00,15,Afternoon
23,58.7,18.3,32.1,3436.1,Flowering Stage,8,0,2025-06-23 16:10:43.159000+00:00,16,Afternoon
24,56.8,11.7,26.0,3889.9,Flowering Stage,9,0,2025-06-23 17:10:43.159000+00:00,17,Evening
25,54.3,22.6,35.7,2110.3,Flowering Stage,10,0,2025-06-23 18:10:43.159000+00:00,18,Evening
26,52.3,25.1,30.1,2589.3,Flowering Stage,11,0,2025-06-23 19:10:43.159000+00:00,19,Evening
27,50.2,31.8,32.9,191.9,Flowering Stage,12,0,2025-06-23 20:10:43.159000+00:00,20,Evening
28,48.4,18.5,38.4,320.9,Flowering Stage,13,0,2025-06-23 21:10:43.159000+00:00,21,Night
29,46.9,25.1,20.0,165.3,Flowering Stage,14,1,2025-06-23 22:10:43.159000+00:00,22,Night
30,81.7,22.3,45.5,421.8,Flowering Stage,0,0,2025-06-23 23:10:43.159000+00:00,23,Night
31,79.6,21.8,46.7,409.2,Flowering Stage,1,0,2025-06-24 00:10:43.159000+00:00,0,Night
32,77.8,11.3,54.0,78.5,Flowering Stage,2,0,2025-06-24 01:10:43.159000+00:00,1,Night
33,75.7,35.0,37.2,467.5,Flowering Stage,3,0,2025-06-24 02:10:43.159000+00:00,2,Night
34,73.4,25.8,53.7,377.3,Flowering Stage,4,0,2025-06-24 03:10:43.159000+00:00,3,Night
35,71.2,19.2,43.4,67.4,Flowering Stage,5,0,2025-06-24 04:10:43.159000+00:00,4,Night
36,69.0,28.3,40.9,379.0,Flowering Stage,6,0,2025-06-24 05:10:43.159000+00:00,5,Night
37,67.4,30.6,39.4,1393.1,Flowering Stage,7,0,2025-06-24 06:10:43.159000+00:00,6,Morning
38,65.3,29.5,37.0,1579.6,Flowering Stage,8,0,2025-06-24 07:10:43.159000+00:00,7,Morning
39,63.5,22.1,43.3,1883.5,Flowering Stage,9,0,2025-06-24 08:10:43.159000+00:00,8,Morning
40,61.4,24.8,31.5,5516.3,Flowering Stage,10,0,2025-06-24 09:10:43.159000+00:00,9,Morning
41,59.4,24.7,37.4,4809.2,Flowering Stage,11,0,2025-06-24 10:10:43.159000+00:00,10,Morning
42,57.4,17.7,32.5,3614.7,Flowering Stage,12,0,2025-06-24 11:10:43.159000+00:00,11,Morning
43,55.0,17.3,29.2,9428.9,Flowering Stage,13,1,2025-06-24 12:10:43.159000+00:00,12,Afternoon
44,76.7,21.0,58.9,8955.6,Flowering Stage,0,0,2025-06-24 13:10:43.159000+00:00,13,Afternoon
45,74.9,28.7,47.0,6357.7,Flowering Stage,1,0,2025-06-24 14:10:43.159000+00:00,14,Afternoon
46,73.3,27.2,47.0,9197.4,Flowering Stage,2,0,2025-06-24 15:10:43.159000+00:00,15,Afternoon
47,71.3,27.5,48.5,3655.3,Flowering Stage,3,0,2025-06-24 16:10:43.159000+00:00,16,Afternoon
48,69.1,38.0,34.4,3940.8,Flowering Stage,4,0,2025-06-24 17:10:43.159000+00:00,17,Evening
49,66.8,25.4,48.8,3389.1,Flowering Stage,5,0,2025-06-24 18:10:43.159000+00:00,18,Evening
50,64.7,25.8,26.3,3250.3,Flowering Stage,6,0,2025-06-24 19:10:43.159000+00:00,19,Evening
51,62.5,22.7,33.7,276.4,Flowering Stage,7,0,2025-06-24 20:10:43.159000+00:00,20,Evening
52,60.1,28.6,33.8,210.8,Flowering Stage,8,0,2025-06-24 21:10:43.159000+00:00,21,Night
53,58.1,30.0,37.8,15.2,Flowering Stage,9,0,2025-06-24 22:10:43.159000+00:00,22,Night
54,55.6,35.3,34.5,478.0,Flowering Stage,10,0,2025-06-24 23:10:43.159000+00:00,23,Night
55,53.8,34.9,31.4,235.2,Flowering Stage,11,0,2025-06-25 00:10:43.159000+00:00,0,Night
56,51.4,34.2,30.8,363.7,Flowering Stage,12,0,2025-06-25 01:10:43.159000+00:00,1,Night
57,49.8,29.3,25.0,491.8,Flowering Stage,13,1,2025-06-25 02:10:43.159000+00:00,2,Night
58,73.0,26.8,36.3,330.4,Flowering Stage,0,0,2025-06-25 03:10:43.159000+00:00,3,Night
59,70.9,22.5,46.2,480.6,Flowering Stage,1,0,2025-06-25 04:10:43.159000+00:00,4,Night
60,69.1,16.9,44.9,189.6,Fruiting,2,0,2025-06-25 05:10:43.159000+00:00,5,Night
61,67.6,20.6,48.5,1043.8,Flowering Stage,3,0,2025-06-25 06:10:43.159000+00:00,6,Morning
62,65.7,29.9,35.5,1424.9,Fruiting,4,0,2025-06-25 07:10:43.159000+00:00,7,Morning
63,63.9,23.0,41.8,2280.2,Fruiting,5,0,2025-06-25 08:10:43.159000+00:00,8,Morning
64,61.6,36.1,35.5,4894.1,Fruiting,6,0,2025-06-25 09:10:43.159000+00:00,9,Morning
65,59.8,27.4,41.8,5496.6,Fruiting,7,0,2025-06-25 10:10:43.159000+00:00,10,Morning
66,58.2,31.7,40.0,4811.4,Fruiting,8,0,2025-06-25 11:10:43.159000+00:00,11,Morning
67,56.6,22.0,35.0,7031.0,Fruiting,9,0,2025-06-25 12:10:43.159000+00:00,12,Afternoon
68,54.8,38.1,31.2,6976.5,Fruiting,10,0,2025-06-25 13:10:43.159000+00:00,13,Afternoon
69,52.4,32.5,36.2,7943.1,Flowering Stage,11,0,2025-06-25 14:10:43.159000+00:00,14,Afternoon
70,50.6,29.9,33.6,6919.0,Fruiting,12,0,2025-06-25 15:10:43.159000+00:00,15,Afternoon
71,49.0,28.4,26.0,3632.3,Fruiting,13,0,2025-06-25 16:10:43.159000+00:00,16,Afternoon
72,46.5,30.1,21.3,2162.6,Flowering Stage,14,0,2025-06-25 17:10:43.159000+00:00,17,Evening
73,44.9,17.8,25.5,2640.0,Fruiting,15,1,2025-06-25 18:10:43.159000+00:00,18,Evening
74,70.2,20.4,49.7,2136.8,Fruiting,0,0,2025-06-25 19:10:43.159000+00:00,19,Evening
75,68.7,28.0,47.0,146.3,Fruiting,1,0,2025-06-25 20:10:43.159000+00:00,20,Evening
76,66.2,28.6,34.2,447.4,Fruiting,2,0,2025-06-25 21:10:43.159000+00:00,21,Night
77,63.8,19.3,32.4,133.1,Fruiting,3,0,2025-06-25 22:10:43.159000+00:00,22,Night
78,62.0,25.3,43.6,302.1,Flowering Stage,4,0,2025-06-25 23:10:43.159000+00:00,23,Night
79,60.2,33.9,30.4,427.9,Fruiting,5,0,2025-06-26 00:10:43.159000+00:00,0,Night
80,58.1,18.1,37.4,413.3,Fruiting,6,0,2025-06-26 01:10:43.159000+00:00,1,Night
81,55.8,25.2,30.4,159.5,Fruiting,7,0,2025-06-26 02:10:43.159000+00:00,2,Night
82,53.9,22.2,40.4,52.4,Fruiting,8,0,2025-06-26 03:10:43.159000+00:00,3,Night
83,51.4,31.0,27.0,483.8,Fruiting,9,0,2025-06-26 04:10:43.159000+00:00,4,Night
84,49.7,30.1,35.5,360.3,Fruiting,10,0,2025-06-26 05:10:43.159000+00:00,5,Night
85,48.1,21.2,29.8,2166.2,Fruiting,11,0,2025-06-26 06:10:43.159000+00:00,6,Morning
86,45.7,21.5,28.7,2501.8,Fruiting,12,0,2025-06-26 07:10:43.159000+00:00,7,Morning
87,43.4,21.6,20.0,2232.3,Fruiting,13,0,2025-06-26 08:10:43.159000+00:00,8,Morning
88,41.8,18.2,20.0,5107.8,Fruiting,14,0,2025-06-26 09:10:43.159000+00:00,9,Morning
89,40.2,28.2,23.0,3239.0,Fruiting,15,0,2025-06-26 10:10:43.159000+00:00,10,Morning
90,38.6,20.2,24.4,3911.4,Fruiting,16,1,2025-06-26 11:10:43.159000+00:00,11,Morning
91,71.9,15.2,37.5,9017.3,Fruiting,0,0,2025-06-26 12:10:43.159000+00:00,12,Afternoon
92,70.3,33.6,36.7,9492.0,Fruiting,1,0,2025-06-26 13:10:43.159000+00:00,13,Afternoon
93,68.8,31.5,44.1,8392.6,Fruiting,2,0,2025-06-26 14:10:43.159000+00:00,14,Afternoon
94,67.2,23.7,43.1,6855.1,Fruiting,3,0,2025-06-26 15:10:43.159000+00:00,15,Afternoon
95,65.5,23.1,38.6,2584.2,Fruiting,4,0,2025-06-26 16:10:43.159000+00:00,16,Afternoon
96,63.9,27.5,42.2,3148.6,Fruiting,5,0,2025-06-26 17:10:43.159000+00:00,17,Evening
97,61.4,32.2,31.0,3812.9,Fruiting,6,0,2025-06-26 18:10:43.159000+00:00,18,Evening
98,59.0,25.4,33.6,3302.4,Fruiting,7,0,2025-06-26 19:10:43.159000+00:00,19,Evening
99,57.2,30.5,42.6,206.5,Fruiting,8,0,2025-06-26 20:10:43.159000+00:00,20,Evening
0,54.8,32.6,33.2,450.6,Fruiting,9,0,2025-06-26 21:10:43.159000+00:00,21,Night
1,52.9,39.1,32.4,393.3,Fruiting,10,0,2025-06-26 22:10:43.159000+00:00,22,Night
2,51.1,25.6,42.2,458.4,Fruiting,11,0,2025-06-26 23:10:43.159000+00:00,23,Night
3,49.0,28.6,22.4,261.3,Fruiting,12,1,2025-06-27 00:10:43.159000+00:00,0,Night
4,80.1,13.4,52.0,210.1,Fruiting,0,0,2025-06-27 01:10:43.159000+00:00,1,Night
5,78.4,17.8,55.4,16.6,Fruiting,1,0,2025-06-27 02:10:43.159000+00:00,2,Night
6,75.9,29.8,43.9,350.3,Fruiting,2,0,2025-06-27 03:10:43.159000+00:00,3,Night
7,73.9,18.1,48.6,247.8,Fruiting,3,0,2025-06-27 04:10:43.159000+00:00,4,Night
8,71.8,23.8,38.2,149.5,Fruiting,4,0,2025-06-27 05:10:43.159000+00:00,5,Night
9,70.0,32.3,38.6,1580.2,Fruiting,5,0,2025-06-27 06:10:43.159000+00:00,6,Morning
10,68.0,18.1,42.7,1366.8,Fruiting,6,0,2025-06-27 07:10:43.159000+00:00,7,Morning
11,66.3,25.3,43.8,1958.3,Fruiting,7,0,2025-06-27 08:10:43.159000+00:00,8,Morning
12,64.1,26.9,44.1,4827.8,Fruiting,8,0,2025-06-27 09:10:43.159000+00:00,9,Morning
13,62.2,24.7,45.2,5450.2,Fruiting,9,0,2025-06-27 10:10:43.159000+00:00,10,Morning
14,60.6,13.2,36.0,3003.0,Fruiting,10,0,2025-06-27 11:10:43.159000+00:00,11,Morning
15,59.1,12.7,41.4,6882.5,Fruiting,11,1,2025-06-27 12:10:43.159000+00:00,12,Afternoon
16,79.2,18.4,45.8,7402.8,Fruiting,0,0,2025-06-27 13:10:43.159000+00:00,13,Afternoon
17,76.8,19.6,50.6,6529.5,Fruiting,1,0,2025-06-27 14:10:43.159000+00:00,14,Afternoon
18,75.0,27.5,46.0,7755.6,Fruiting,2,0,2025-06-27 15:10:43.159000+00:00,15,Afternoon
19,72.8,14.6,45.9,2741.3,Fruiting,3,0,2025-06-27 16:10:43.159000+00:00,16,Afternoon
20,71.1,20.7,44.8,2651.1,Fruiting,4,0,2025-06-27 17:10:43.159000+00:00,17,Evening
21,69.2,24.8,33.5,2228.3,Fruiting,5,0,2025-06-27 18:10:43.159000+00:00,18,Evening
22,66.8,35.4,34.5,3999.8,Fruiting,6,0,2025-06-27 19:10:43.159000+00:00,19,Evening
23,65.0,15.8,39.5,213.1,Fruiting,7,0,2025-06-27 20:10:43.159000+00:00,20,Evening
24,63.2,16.5,29.5,379.0,Fruiting,8,0,2025-06-27 21:10:43.159000+00:00,21,Night
25,60.9,18.8,40.7,436.9,Fruiting,9,0,2025-06-27 22:10:43.159000+00:00,22,Night
26,58.6,22.5,39.5,173.6,Fruiting,10,0,2025-06-27 23:10:43.159000+00:00,23,Night
27,57.1,33.9,35.9,73.5,Fruiting,11,0,2025-06-28 00:10:43.159000+00:00,0,Night
28,55.1,18.7,27.5,293.2,Fruiting,12,0,2025-06-28 01:10:43.159000+00:00,1,Night
29,53.0,35.7,38.7,429.1,Fruiting,13,0,2025-06-28 02:10:43.159000+00:00,2,Night
30,50.7,25.1,40.6,68.4,Fruiting,14,0,2025-06-28 03:10:43.159000+00:00,3,Night
31,48.6,20.1,29.9,312.5,Fruiting,15,0,2025-06-28 04:10:43.159000+00:00,4,Night
32,46.4,12.2,30.4,122.1,Fruiting,16,0,2025-06-28 05:10:43.159000+00:00,5,Night
33,44.0,33.9,27.4,2831.4,Fruiting,17,1,2025-06-28 06:10:43.159000+00:00,6,Morning
34,77.7,19.7,49.3,1048.2,Fruiting,0,0,2025-06-28 07:10:43.159000+00:00,7,Morning
35,75.8,14.1,44.9,2125.9,Fruiting,1,0,2025-06-28 08:10:43.159000+00:00,8,Morning
36,73.4,33.3,43.9,4183.0,Fruiting,2,0,2025-06-28 09:10:43.159000+00:00,9,Morning
37,71.7,33.1,47.5,3081.9,Fruiting,3,0,2025-06-28 10:10:43.159000+00:00,10,Morning
38,69.2,34.6,53.2,5524.8,Fruiting,4,0,2025-06-28 11:10:43.159000+00:00,11,Morning
39,67.5,25.5,33.5,6083.2,Fruiting,5,0,2025-06-28 12:10:43.159000+00:00,12,Afternoon
40,65.6,23.6,38.8,7056.7,Fruiting,6,0,2025-06-28 13:10:43.159000+00:00,13,Afternoon
41,63.4,27.4,32.1,8518.3,Fruiting,7,0,2025-06-28 14:10:43.159000+00:00,14,Afternoon
42,61.7,22.8,45.0,6642.1,Fruiting,8,0,2025-06-28 15:10:43.159000+00:00,15,Afternoon
43,59.8,17.2,32.9,2688.7,Fruiting,9,0,2025-06-28 16:10:43.159000+00:00,16,Afternoon
44,57.3,21.0,27.2,2557.9,Fruiting,10,0,2025-06-28 17:10:43.159000+00:00,17,Evening
45,55.6,26.5,36.6,2312.1,Fruiting,11,1,2025-06-28 18:10:43.159000+00:00,18,Evening
46,82.6,30.3,58.3,3439.1,Fruiting,0,0,2025-06-28 19:10:43.159000+00:00,19,Evening
47,80.6,35.2,51.7,347.1,Fruiting,1,0,2025-06-28 20:10:43.159000+00:00,20,Evening
48,78.6,32.3,48.2,245.1,Fruiting,2,0,2025-06-28 21:10:43.159000+00:00,21,Night
49,77.1,33.7,48.3,354.1,Fruiting,3,0,2025-06-28 22:10:43.159000+00:00,22,Night
50,75.2,21.3,52.2,408.3,Fruiting,4,0,2025-06-28 23:10:43.159000+00:00,23,Night
51,73.5,20.9,39.7,434.7,Fruiting,5,0,2025-06-29 00:10:43.159000+00:00,0,Night
52,71.7,27.1,42.5,109.9,Fruiting,6,0,2025-06-29 01:10:43.159000+00:00,1,Night
53,69.7,32.3,39.6,194.9,Fruiting,7,0,2025-06-29 02:10:43.159000+00:00,2,Night
54,67.9,32.2,34.9,84.1,Fruiting,8,0,2025-06-29 03:10:43.159000+00:00,3,Night
55,65.4,37.0,37.6,452.5,Fruiting,9,0,2025-06-29 04:10:43.159000+00:00,4,Night
56,63.1,37.0,43.4,29.6,Fruiting,10,0,2025-06-29 05:10:43.159000+00:00,5,Night
57,60.7,29.1,39.3,2028.9,Fruiting,11,0,2025-06-29 06:10:43.159000+00:00,6,Morning
58,59.1,26.3,38.7,1441.9,Fruiting,12,0,2025-06-29 07:10:43.159000+00:00,7,Morning
59,56.7,12.4,34.8,1286.4,Fruiting,13,0,2025-06-29 08:10:43.159000+00:00,8,Morning
60,54.3,21.6,35.2,3526.8,Fruiting,14,0,2025-06-29 09:10:43.159000+00:00,9,Morning
61,52.4,26.8,27.4,5065.5,Fruiting,15,1,2025-06-29 10:10:43.159000+00:00,10,Morning
62,71.1,22.1,41.1,4262.1,Fruiting,0,0,2025-06-29 11:10:43.159000+00:00,11,Morning
63,69.4,17.2,42.6,8421.2,Fruiting,1,0,2025-06-29 12:10:43.159000+00:00,12,Afternoon
64,67.1,36.2,41.6,7435.6,Fruiting,2,0,2025-06-29 13:10:43.159000+00:00,13,Afternoon
65,65.6,31.4,41.0,6069.4,Fruiting,3,0,2025-06-29 14:10:43.159000+00:00,14,Afternoon
66,63.6,34.2,37.5,6033.9,Fruiting,4,0,2025-06-29 15:10:43.159000+00:00,15,Afternoon
67,61.9,15.0,35.3,2563.8,Fruiting,5,0,2025-06-29 16:10:43.159000+00:00,16,Afternoon
68,60.1,33.3,51.8,3396.7,Fruiting,6,0,2025-06-29 17:10:43.159000+00:00,17,Evening
69,58.1,31.8,39.4,3231.9,Fruiting,7,0,2025-06-29 18:10:43.159000+00:00,18,Evening
70,55.6,27.8,35.4,2439.6,Fruiting,8,0,2025-06-29 19:10:43.159000+00:00,19,Evening
71,53.9,31.6,31.2,29.3,Fruiting,9,0,2025-06-29 20:10:43.159000+00:00,20,Evening
72,52.0,27.7,28.9,396.1,Fruiting,10,0,2025-06-29 21:10:43.159000+00:00,21,Night
73,50.0,19.6,29.3,387.2,Fruiting,11,0,2025-06-29 22:10:43.159000+00:00,22,Night
74,47.5,18.9,30.0,27.5,Fruiting,12,1,2025-06-29 23:10:43.159000+00:00,23,Night
75,81.4,25.6,39.4,188.5,Fruiting,0,0,2025-06-30 00:10:43.159000+00:00,0,Night
76,79.2,31.6,39.7,134.8,Fruiting,1,0,2025-06-30 01:10:43.159000+00:00,1,Night
77,77.0,19.8,43.0,307.9,Fruiting,2,0,2025-06-30 02:10:43.159000+00:00,2,Night
78,74.6,31.0,45.8,349.6,Fruiting,3,0,2025-06-30 03:10:43.159000+00:00,3,Night
79,72.6,38.1,42.4,339.8,Fruiting,4,0,2025-06-30 04:10:43.159000+00:00,4,Night
80,71.0,11.8,50.0,60.8,Fruiting,5,0,2025-06-30 05:10:43.159000+00:00,5,Night
81,68.5,24.3,33.7,2304.0,Fruiting,6,0,2025-06-30 06:10:43.159000+00:00,6,Morning
82,66.0,20.5,35.8,2206.6,Fruiting,7,0,2025-06-30 07:10:43.159000+00:00,7,Morning
83,63.5,27.1,45.7,2471.2,Fruiting,8,0,2025-06-30 08:10:43.159000+00:00,8,Morning
84,61.4,33.5,37.5,4442.9,Fruiting,9,0,2025-06-30 09:10:43.159000+00:00,9,Morning
85,59.3,25.7,40.0,4332.1,Fruiting,10,0,2025-06-30 10:10:43.159000+00:00,10,Morning
86,56.9,17.9,44.4,4951.4,Fruiting,11,0,2025-06-30 11:10:43.159000+00:00,11,Morning
87,55.0,18.2,29.5,9439.4,Fruiting,12,0,2025-06-30 12:10:43.159000+00:00,12,Afternoon
88,53.5,23.0,31.6,9252.9,Fruiting,13,0,2025-06-30 13:10:43.159000+00:00,13,Afternoon
89,51.9,22.7,29.8,7541.8,Fruiting,14,1,2025-06-30 14:10:43.159000+00:00,14,Afternoon
90,73.9,24.4,34.6,7078.4,Fruiting,0,0,2025-06-30 15:10:43.159000+00:00,15,Afternoon
91,71.8,17.0,41.5,2889.2,Fruiting,1,0,2025-06-30 16:10:43.159000+00:00,16,Afternoon
92,69.4,30.0,46.0,2589.7,Fruiting,2,0,2025-06-30 17:10:43.159000+00:00,17,Evening
93,67.3,35.1,43.1,3116.4,Fruiting,3,0,2025-06-30 18:10:43.159000+00:00,18,Evening
94,65.1,27.3,42.2,3144.5,Fruiting,4,0,2025-06-30 19:10:43.159000+00:00,19,Evening
95,63.6,23.8,36.3,20.3,Fruiting,5,0,2025-06-30 20:10:43.159000+00:00,20,Evening
96,61.7,18.1,33.7,392.1,Fruiting,6,0,2025-06-30 21:10:43.159000+00:00,21,Night
97,59.6,28.0,42.1,266.7,Fruiting,7,0,2025-06-30 22:10:43.159000+00:00,22,Night
98,57.7,35.2,32.1,103.1,Fruiting,8,0,2025-06-30 23:10:43.159000+00:00,23,Night
99,56.1,26.7,35.1,305.8,Fruiting,9,0,2025-07-01 00:10:43.159000+00:00,0,Night
