Temperature,Soil Humidity,Air Humidity,Light,plantGrowthStage,timeSinceLastWateringInHours,timestamp,hourOfDay,PartOfDay,timeUntilNextWateringInHours
49.4,28.4,64.2,27548.8,Seed Stage,0,2025-05-20 09:10:43.159000+00:00,9,Morning,100.0
49.0,28.3,59.6,27857.9,Seed Stage,1,2025-05-20 10:10:43.159000+00:00,10,Morning,100.0
48.2,28.3,56.0,27866.1,Seed Stage,2,2025-05-20 11:10:43.159000+00:00,11,Morning,98.08
47.6,28.1,59.6,28320.8,Seed Stage,3,2025-05-20 12:10:43.159000+00:00,12,Afternoon,96.15
47.1,28.3,58.8,28279.2,Seed Stage,4,2025-05-20 13:10:43.159000+00:00,13,Afternoon,94.23
46.5,28.3,60.8,27854.0,Seed Stage,5,2025-05-20 14:10:43.159000+00:00,14,Afternoon,92.31
46.0,28.4,59.4,27580.8,Seed Stage,6,2025-05-20 15:10:43.159000+00:00,15,Afternoon,90.38
45.3,28.2,55.2,28298.9,Seed Stage,7,2025-05-20 16:10:43.159000+00:00,16,Afternoon,88.46
44.9,27.9,64.9,28235.0,Seed Stage,8,2025-05-20 17:10:43.159000+00:00,17,Evening,86.54
44.4,27.6,60.4,27661.9,Seed Stage,9,2025-05-20 18:10:43.159000+00:00,18,Evening,84.62
43.6,27.8,59.7,28531.1,Seed Stage,10,2025-05-20 19:10:43.159000+00:00,19,Evening,82.69
42.9,27.5,64.5,29124.3,Seed Stage,11,2025-05-20 20:10:43.159000+00:00,20,Evening,80.77
42.1,27.7,56.6,28235.6,Seed Stage,12,2025-05-20 21:10:43.159000+00:00,21,Night,78.85
41.6,27.6,56.9,29233.5,Seed Stage,13,2025-05-20 22:10:43.159000+00:00,22,Night,76.92
40.9,27.5,63.1,29623.4,Seed Stage,14,2025-05-20 23:10:43.159000+00:00,23,Night,75.0
40.4,27.5,57.6,28943.9,Seed Stage,15,2025-05-21 00:10:43.159000+00:00,0,Night,73.08
39.8,27.4,63.0,28418.3,Seed Stage,16,2025-05-21 01:10:43.159000+00:00,1,Night,71.15
39.4,27.1,57.7,28803.1,Seed Stage,17,2025-05-21 02:10:43.159000+00:00,2,Night,69.23
38.8,26.9,55.3,29362.7,Seed Stage,18,2025-05-21 03:10:43.159000+00:00,3,Night,67.31
38.4,27.1,60.2,28840.7,Seed Stage,19,2025-05-21 04:10:43.159000+00:00,4,Night,65.38
38.0,27.2,57.0,28354.7,Seed Stage,20,2025-05-21 05:10:43.159000+00:00,5,Night,63.46
37.2,27.0,62.6,27968.9,Seed Stage,21,2025-05-21 06:10:43.159000+00:00,6,Morning,61.54
36.8,27.0,61.4,28165.0,Seed Stage,22,2025-05-21 07:10:43.159000+00:00,7,Morning,59.62
36.5,26.8,64.2,27508.6,Seed Stage,23,2025-05-21 08:10:43.159000+00:00,8,Morning,57.69
36.2,26.5,62.8,26717.1,Seed Stage,24,2025-05-21 09:10:43.159000+00:00,9,Morning,55.77
35.4,26.1,56.8,27074.8,Seed Stage,25,2025-05-21 10:10:43.159000+00:00,10,Morning,53.85
34.8,26.5,63.0,27633.0,Seed Stage,26,2025-05-21 11:10:43.159000+00:00,11,Morning,51.92
34.3,26.2,61.4,27634.9,Seed Stage,27,2025-05-21 12:10:43.159000+00:00,12,Afternoon,50.0
33.6,26.0,61.7,27362.5,Seed Stage,28,2025-05-21 13:10:43.159000+00:00,13,Afternoon,48.08
32.9,25.8,63.3,27226.6,Seed Stage,29,2025-05-21 14:10:43.159000+00:00,14,Afternoon,46.15
32.4,25.5,60.7,27003.4,Seed Stage,30,2025-05-21 15:10:43.159000+00:00,15,Afternoon,44.23
31.8,25.6,59.7,27923.4,Seed Stage,31,2025-05-21 16:10:43.159000+00:00,16,Afternoon,42.31
31.1,25.3,61.4,28459.6,Seed Stage,32,2025-05-21 17:10:43.159000+00:00,17,Evening,40.38
30.5,25.0,58.0,27875.7,Seed Stage,33,2025-05-21 18:10:43.159000+00:00,18,Evening,38.46
30.1,25.1,56.8,27644.1,Seed Stage,34,2025-05-21 19:10:43.159000+00:00,19,Evening,36.54
29.4,25.0,59.9,27732.1,Seed Stage,35,2025-05-21 20:10:43.159000+00:00,20,Evening,34.62
28.8,25.2,54.8,27958.1,Seed Stage,36,2025-05-21 21:10:43.159000+00:00,21,Night,32.69
28.4,25.2,59.7,27894.5,Seed Stage,37,2025-05-21 22:10:43.159000+00:00,22,Night,30.77
27.8,25.0,61.1,28514.7,Seed Stage,38,2025-05-21 23:10:43.159000+00:00,23,Night,28.85
27.5,25.1,58.5,29050.0,Seed Stage,39,2025-05-22 00:10:43.159000+00:00,0,Night,26.92
27.2,24.8,60.1,29060.3,Seed Stage,40,2025-05-22 01:10:43.159000+00:00,1,Night,25.0
26.5,24.9,62.7,29769.1,Seed Stage,41,2025-05-22 02:10:43.159000+00:00,2,Night,23.08
23.7,25.6,58.5,30271.3,Seed Stage,42,2025-05-22 03:10:43.159000+00:00,3,Night,21.15
24.4,25.7,54.2,30828.5,Seed Stage,43,2025-05-22 04:10:43.159000+00:00,4,Night,19.23
22.5,25.4,57.6,31741.3,Seed Stage,44,2025-05-22 05:10:43.159000+00:00,5,Night,17.31
23.1,26.5,59.4,31274.2,Seed Stage,45,2025-05-22 06:10:43.159000+00:00,6,Morning,15.38
23.0,26.9,59.6,30809.5,Seed Stage,46,2025-05-22 07:10:43.159000+00:00,7,Morning,13.46
20.6,27.0,58.6,31587.4,Seed Stage,47,2025-05-22 08:10:43.159000+00:00,8,Morning,11.54
21.3,26.1,58.5,32131.9,Seed Stage,48,2025-05-22 09:10:43.159000+00:00,9,Morning,9.62
20.0,26.2,59.0,32984.9,Seed Stage,49,2025-05-22 10:10:43.159000+00:00,10,Morning,7.69
21.1,25.6,53.0,32111.2,Seed Stage,50,2025-05-22 11:10:43.159000+00:00,11,Morning,5.77
20.0,26.4,53.7,32366.7,Seed Stage,51,2025-05-22 12:10:43.159000+00:00,12,Afternoon,3.85
20.0,25.9,54.7,31656.0,Seed Stage,52,2025-05-22 13:10:43.159000+00:00,13,Afternoon,1.92
72.2,26.2,57.9,31663.8,Seed Stage,0,2025-05-22 14:10:43.159000+00:00,14,Afternoon,0.0
71.2,26.4,54.7,30975.3,Seed Stage,1,2025-05-22 15:10:43.159000+00:00,15,Afternoon,100.0
70.6,26.2,64.6,30231.4,Seed Stage,2,2025-05-22 16:10:43.159000+00:00,16,Afternoon,98.89
72.5,24.9,58.7,29255.8,Seed Stage,3,2025-05-22 17:10:43.159000+00:00,17,Evening,97.78
72.0,25.2,63.3,29516.2,Seed Stage,4,2025-05-22 18:10:43.159000+00:00,18,Evening,96.67
71.5,25.3,56.5,29234.3,Seed Stage,5,2025-05-22 19:10:43.159000+00:00,19,Evening,95.56
71.1,25.4,64.4,28444.7,Seed Stage,6,2025-05-22 20:10:43.159000+00:00,20,Evening,94.44
70.4,25.3,59.8,28090.3,Seed Stage,7,2025-05-22 21:10:43.159000+00:00,21,Night,93.33
69.7,25.5,63.4,27428.2,Seed Stage,8,2025-05-22 22:10:43.159000+00:00,22,Night,92.22
69.3,25.1,63.6,28311.6,Seed Stage,9,2025-05-22 23:10:43.159000+00:00,23,Night,91.11
68.8,25.4,65.4,27951.6,Seed Stage,10,2025-05-23 00:10:43.159000+00:00,0,Night,90.0
68.1,25.4,62.8,27619.5,Seed Stage,11,2025-05-23 01:10:43.159000+00:00,1,Night,88.89
67.4,25.4,59.6,28299.2,Seed Stage,12,2025-05-23 02:10:43.159000+00:00,2,Night,87.78
66.6,25.4,61.0,28594.8,Seed Stage,13,2025-05-23 03:10:43.159000+00:00,3,Night,86.67
65.9,25.5,66.5,29015.1,Seed Stage,14,2025-05-23 04:10:43.159000+00:00,4,Night,85.56
65.4,25.1,64.0,29287.1,Seed Stage,15,2025-05-23 05:10:43.159000+00:00,5,Night,84.44
63.4,26.6,61.2,30179.5,Seed Stage,16,2025-05-23 06:10:43.159000+00:00,6,Morning,83.33
64.2,25.4,59.6,29593.5,Seed Stage,17,2025-05-23 07:10:43.159000+00:00,7,Morning,82.22
60.8,25.8,56.1,30571.6,Seed Stage,18,2025-05-23 08:10:43.159000+00:00,8,Morning,81.11
62.1,26.2,57.7,31233.5,Seed Stage,19,2025-05-23 09:10:43.159000+00:00,9,Morning,80.0
59.9,26.3,54.0,31411.4,Seed Stage,20,2025-05-23 10:10:43.159000+00:00,10,Morning,78.89
60.6,25.5,62.9,31736.2,Seed Stage,21,2025-05-23 11:10:43.159000+00:00,11,Morning,77.78
58.8,26.0,58.6,32033.8,Seed Stage,22,2025-05-23 12:10:43.159000+00:00,12,Afternoon,76.67
59.2,26.5,59.4,31150.6,Seed Stage,23,2025-05-23 13:10:43.159000+00:00,13,Afternoon,75.56
59.1,25.7,58.7,30586.7,Seed Stage,24,2025-05-23 14:10:43.159000+00:00,14,Afternoon,74.44
58.7,26.1,60.7,31509.6,Seed Stage,25,2025-05-23 15:10:43.159000+00:00,15,Afternoon,73.33
57.0,26.3,55.4,31578.3,Seed Stage,26,2025-05-23 16:10:43.159000+00:00,16,Afternoon,72.22
56.2,26.4,59.5,31335.0,Seed Stage,27,2025-05-23 17:10:43.159000+00:00,17,Evening,71.11
55.9,25.8,57.8,31859.1,Seed Stage,28,2025-05-23 18:10:43.159000+00:00,18,Evening,70.0
54.9,26.6,61.2,31908.2,Seed Stage,29,2025-05-23 19:10:43.159000+00:00,19,Evening,68.89
54.2,26.1,56.1,30934.5,Seed Stage,30,2025-05-23 20:10:43.159000+00:00,20,Evening,67.78
54.9,26.5,55.3,31407.0,Seed Stage,31,2025-05-23 21:10:43.159000+00:00,21,Night,66.67
53.5,26.5,61.6,31871.4,Seed Stage,32,2025-05-23 22:10:43.159000+00:00,22,Night,65.56
52.6,26.4,52.3,31201.7,Seed Stage,33,2025-05-23 23:10:43.159000+00:00,23,Night,64.44
52.6,25.6,53.7,32115.0,Seed Stage,34,2025-05-24 00:10:43.159000+00:00,0,Night,63.33
51.9,26.1,52.8,31562.8,Seed Stage,35,2025-05-24 01:10:43.159000+00:00,1,Night,62.22
51.2,25.6,59.8,31478.3,Seed Stage,36,2025-05-24 02:10:43.159000+00:00,2,Night,61.11
51.6,25.9,52.5,30707.8,Seed Stage,37,2025-05-24 03:10:43.159000+00:00,3,Night,60.0
50.6,25.6,60.5,30914.4,Seed Stage,38,2025-05-24 04:10:43.159000+00:00,4,Night,58.89
49.8,26.2,56.8,30665.3,Seed Stage,39,2025-05-24 05:10:43.159000+00:00,5,Night,57.78
49.2,26.3,52.4,30371.6,Seed Stage,40,2025-05-24 06:10:43.159000+00:00,6,Morning,56.67
48.9,26.0,55.6,31025.6,Seed Stage,41,2025-05-24 07:10:43.159000+00:00,7,Morning,55.56
47.6,25.3,53.1,30044.7,Seed Stage,42,2025-05-24 08:10:43.159000+00:00,8,Morning,54.44
46.9,25.5,58.3,30640.6,Seed Stage,43,2025-05-24 09:10:43.159000+00:00,9,Morning,53.33
46.6,26.2,59.1,30783.5,Seed Stage,44,2025-05-24 10:10:43.159000+00:00,10,Morning,52.22
44.9,25.6,57.7,31755.7,Seed Stage,45,2025-05-24 11:10:43.159000+00:00,11,Morning,51.11
45.5,26.2,52.5,31934.6,Seed Stage,46,2025-05-24 12:10:43.159000+00:00,12,Afternoon,50.0
45.0,26.4,59.5,31045.3,Seed Stage,47,2025-05-24 13:10:43.159000+00:00,13,Afternoon,48.89
43.7,26.6,60.4,30146.6,Seed Stage,48,2025-05-24 14:10:43.159000+00:00,14,Afternoon,47.78
44.4,26.6,59.8,30912.9,Seed Stage,49,2025-05-24 15:10:43.159000+00:00,15,Afternoon,46.67
43.1,26.5,59.4,31595.3,Seed Stage,50,2025-05-24 16:10:43.159000+00:00,16,Afternoon,45.56
42.9,26.1,54.5,31287.1,Seed Stage,51,2025-05-24 17:10:43.159000+00:00,17,Evening,44.44
41.4,26.2,61.0,31523.2,Seed Stage,52,2025-05-24 18:10:43.159000+00:00,18,Evening,43.33
41.0,26.2,55.7,31502.4,Seed Stage,53,2025-05-24 19:10:43.159000+00:00,19,Evening,42.22
41.3,26.0,52.6,32436.7,Seed Stage,54,2025-05-24 20:10:43.159000+00:00,20,Evening,41.11
40.0,26.4,59.9,33336.6,Seed Stage,55,2025-05-24 21:10:43.159000+00:00,21,Night,40.0
39.0,26.2,60.7,34304.3,Seed Stage,56,2025-05-24 22:10:43.159000+00:00,22,Night,38.89
38.1,26.0,58.8,35037.2,Seed Stage,57,2025-05-24 23:10:43.159000+00:00,23,Night,37.78
38.4,26.5,55.1,35856.3,Seed Stage,58,2025-05-25 00:10:43.159000+00:00,0,Night,36.67
38.2,25.8,54.8,35290.9,Seed Stage,59,2025-05-25 01:10:43.159000+00:00,1,Night,35.56
37.9,25.5,57.4,35952.9,Seed Stage,60,2025-05-25 02:10:43.159000+00:00,2,Night,34.44
37.1,26.0,60.3,36370.6,Seed Stage,61,2025-05-25 03:10:43.159000+00:00,3,Night,33.33
36.8,26.6,53.2,37296.2,Seed Stage,62,2025-05-25 04:10:43.159000+00:00,4,Night,32.22
36.2,26.7,60.7,37438.7,Seed Stage,63,2025-05-25 05:10:43.159000+00:00,5,Night,31.11
35.6,25.9,54.9,36609.0,Seed Stage,64,2025-05-25 06:10:43.159000+00:00,6,Morning,30.0
33.3,26.6,59.1,36803.8,Seed Stage,65,2025-05-25 07:10:43.159000+00:00,7,Morning,28.89
34.1,26.1,61.4,37177.0,Seed Stage,66,2025-05-25 08:10:43.159000+00:00,8,Morning,27.78
32.5,26.1,55.5,36617.6,Seed Stage,67,2025-05-25 09:10:43.159000+00:00,9,Morning,26.67
32.3,25.8,56.4,36405.8,Seed Stage,68,2025-05-25 10:10:43.159000+00:00,10,Morning,25.56
31.6,25.5,60.2,36602.8,Seed Stage,69,2025-05-25 11:10:43.159000+00:00,11,Morning,24.44
32.4,25.7,56.7,36351.1,Seed Stage,70,2025-05-25 12:10:43.159000+00:00,12,Afternoon,23.33
29.7,25.3,58.4,36101.0,Seed Stage,71,2025-05-25 13:10:43.159000+00:00,13,Afternoon,22.22
30.8,25.7,57.2,35367.1,Seed Stage,72,2025-05-25 14:10:43.159000+00:00,14,Afternoon,21.11
29.3,26.1,53.1,36248.6,Seed Stage,73,2025-05-25 15:10:43.159000+00:00,15,Afternoon,20.0
30.0,26.2,61.0,36749.6,Seed Stage,74,2025-05-25 16:10:43.159000+00:00,16,Afternoon,18.89
27.5,25.8,53.6,35752.1,Seed Stage,75,2025-05-25 17:10:43.159000+00:00,17,Evening,17.78
28.2,26.0,59.6,36283.3,Seed Stage,76,2025-05-25 18:10:43.159000+00:00,18,Evening,16.67
27.0,26.1,58.5,36762.9,Seed Stage,77,2025-05-25 19:10:43.159000+00:00,19,Evening,15.56
26.5,25.2,53.3,35782.4,Seed Stage,78,2025-05-25 20:10:43.159000+00:00,20,Evening,14.44
26.4,24.7,57.2,35521.6,Seed Stage,79,2025-05-25 21:10:43.159000+00:00,21,Night,13.33
25.8,25.5,59.5,35735.1,Seed Stage,80,2025-05-25 22:10:43.159000+00:00,22,Night,12.22
25.5,26.0,57.8,35640.6,Seed Stage,81,2025-05-25 23:10:43.159000+00:00,23,Night,11.11
24.6,25.0,52.9,36196.6,Seed Stage,82,2025-05-26 00:10:43.159000+00:00,0,Night,10.0
23.2,25.1,56.1,36047.5,Seed Stage,83,2025-05-26 01:10:43.159000+00:00,1,Night,8.89
24.0,25.5,52.7,35355.2,Seed Stage,84,2025-05-26 02:10:43.159000+00:00,2,Night,7.78
22.8,25.4,53.4,36308.0,Seed Stage,85,2025-05-26 03:10:43.159000+00:00,3,Night,6.67
22.5,25.2,58.9,35792.1,Seed Stage,86,2025-05-26 04:10:43.159000+00:00,4,Night,5.56
21.3,25.6,57.9,36227.5,Seed Stage,87,2025-05-26 05:10:43.159000+00:00,5,Night,4.44
21.6,25.4,59.7,35513.8,Seed Stage,88,2025-05-26 06:10:43.159000+00:00,6,Morning,3.33
21.4,25.5,56.8,35171.8,Seed Stage,89,2025-05-26 07:10:43.159000+00:00,7,Morning,2.22
20.0,26.0,56.5,35055.9,Seed Stage,90,2025-05-26 08:10:43.159000+00:00,8,Morning,1.11
71.3,25.8,57.4,34440.3,Seed Stage,0,2025-05-26 09:10:43.159000+00:00,9,Morning,0.0
69.2,25.9,60.3,34340.3,Seed Stage,1,2025-05-26 10:10:43.159000+00:00,10,Morning,100.0
68.9,26.0,60.7,33654.6,Seed Stage,2,2025-05-26 11:10:43.159000+00:00,11,Morning,98.78
70.1,25.3,62.2,33772.6,Seed Stage,3,2025-05-26 12:10:43.159000+00:00,12,Afternoon,97.56
68.2,25.9,59.3,34100.0,Seed Stage,4,2025-05-26 13:10:43.159000+00:00,13,Afternoon,96.34
68.2,25.8,59.1,33224.9,Seed Stage,5,2025-05-26 14:10:43.159000+00:00,14,Afternoon,95.12
67.1,26.0,57.5,33967.2,Seed Stage,6,2025-05-26 15:10:43.159000+00:00,15,Afternoon,93.9
66.8,25.8,57.6,33337.4,Seed Stage,7,2025-05-26 16:10:43.159000+00:00,16,Afternoon,92.68
67.4,26.0,60.0,32788.2,Seed Stage,8,2025-05-26 17:10:43.159000+00:00,17,Evening,91.46
66.3,25.8,62.9,33110.9,Seed Stage,9,2025-05-26 18:10:43.159000+00:00,18,Evening,90.24
65.0,25.8,55.5,33048.4,Seed Stage,10,2025-05-26 19:10:43.159000+00:00,19,Evening,89.02
65.9,26.3,61.6,33047.2,Seed Stage,11,2025-05-26 20:10:43.159000+00:00,20,Evening,87.8
63.7,26.8,61.2,32303.5,Seed Stage,12,2025-05-26 21:10:43.159000+00:00,21,Night,86.59
64.2,26.8,55.9,32914.9,Seed Stage,13,2025-05-26 22:10:43.159000+00:00,22,Night,85.37
64.5,25.9,58.1,33149.1,Seed Stage,14,2025-05-26 23:10:43.159000+00:00,23,Night,84.15
63.3,26.3,62.1,32419.8,Seed Stage,15,2025-05-27 00:10:43.159000+00:00,0,Night,82.93
62.2,26.6,63.6,32167.8,Seed Stage,16,2025-05-27 01:10:43.159000+00:00,1,Night,81.71
61.3,26.1,61.5,32788.6,Seed Stage,17,2025-05-27 02:10:43.159000+00:00,2,Night,80.49
62.0,25.9,54.5,32925.3,Seed Stage,18,2025-05-27 03:10:43.159000+00:00,3,Night,79.27
61.5,26.1,59.9,32142.6,Seed Stage,19,2025-05-27 04:10:43.159000+00:00,4,Night,78.05
59.9,26.0,58.0,31888.2,Seed Stage,20,2025-05-27 05:10:43.159000+00:00,5,Night,76.83
60.5,25.7,60.7,31373.6,Seed Stage,21,2025-05-27 06:10:43.159000+00:00,6,Morning,75.61
59.3,25.1,62.7,31408.5,Germination,22,2025-05-27 07:10:43.159000+00:00,7,Morning,74.39
59.2,25.2,59.7,32095.2,Germination,23,2025-05-27 08:10:43.159000+00:00,8,Morning,73.17
58.6,25.7,59.8,31967.8,Germination,24,2025-05-27 09:10:43.159000+00:00,9,Morning,71.95
57.6,26.5,58.8,31834.5,Germination,25,2025-05-27 10:10:43.159000+00:00,10,Morning,70.73
57.7,26.3,59.5,32645.2,Germination,26,2025-05-27 11:10:43.159000+00:00,11,Morning,69.51
57.2,26.3,60.9,32797.5,Germination,27,2025-05-27 12:10:43.159000+00:00,12,Afternoon,68.29
55.7,26.2,53.3,32929.9,Germination,28,2025-05-27 13:10:43.159000+00:00,13,Afternoon,67.07
55.3,26.2,55.5,32453.7,Germination,29,2025-05-27 14:10:43.159000+00:00,14,Afternoon,65.85
54.4,26.0,59.0,32669.2,Germination,30,2025-05-27 15:10:43.159000+00:00,15,Afternoon,64.63
55.2,25.5,58.0,32821.0,Germination,31,2025-05-27 16:10:43.159000+00:00,16,Afternoon,63.41
53.8,25.7,53.6,32614.7,Germination,32,2025-05-27 17:10:43.159000+00:00,17,Evening,62.2
54.3,26.0,58.2,33596.1,Germination,33,2025-05-27 18:10:43.159000+00:00,18,Evening,60.98
52.4,26.0,55.8,34359.9,Germination,34,2025-05-27 19:10:43.159000+00:00,19,Evening,59.76
52.1,25.7,56.5,34859.0,Germination,35,2025-05-27 20:10:43.159000+00:00,20,Evening,58.54
51.5,25.0,60.0,34933.7,Germination,36,2025-05-27 21:10:43.159000+00:00,21,Night,57.32
50.5,25.0,55.4,34857.9,Germination,37,2025-05-27 22:10:43.159000+00:00,22,Night,56.1
50.6,25.1,51.5,34227.7,Germination,38,2025-05-27 23:10:43.159000+00:00,23,Night,54.88
50.1,25.6,52.7,33839.1,Germination,39,2025-05-28 00:10:43.159000+00:00,0,Night,53.66
48.9,25.6,60.8,34387.1,Germination,40,2025-05-28 01:10:43.159000+00:00,1,Night,52.44
50.0,25.6,62.5,34294.5,Germination,41,2025-05-28 02:10:43.159000+00:00,2,Night,51.22
48.2,26.2,59.5,35059.1,Germination,42,2025-05-28 03:10:43.159000+00:00,3,Night,50.0
47.8,26.0,56.1,34354.9,Germination,43,2025-05-28 04:10:43.159000+00:00,4,Night,48.78
47.4,25.3,61.5,34371.6,Germination,44,2025-05-28 05:10:43.159000+00:00,5,Night,47.56
47.0,25.8,57.6,34665.5,Germination,45,2025-05-28 06:10:43.159000+00:00,6,Morning,46.34
47.0,25.3,60.5,34699.2,Germination,46,2025-05-28 07:10:43.159000+00:00,7,Morning,45.12
46.3,25.4,60.0,35477.7,Germination,47,2025-05-28 08:10:43.159000+00:00,8,Morning,43.9
45.8,25.5,56.8,36456.8,Germination,48,2025-05-28 09:10:43.159000+00:00,9,Morning,42.68
45.8,25.9,57.8,35688.5,Germination,49,2025-05-28 10:10:43.159000+00:00,10,Morning,41.46
43.6,26.0,54.5,34948.4,Germination,50,2025-05-28 11:10:43.159000+00:00,11,Morning,40.24
44.4,25.7,54.9,34209.0,Germination,51,2025-05-28 12:10:43.159000+00:00,12,Afternoon,39.02
44.2,25.5,59.4,34571.4,Germination,52,2025-05-28 13:10:43.159000+00:00,13,Afternoon,37.8
43.8,25.9,60.4,34316.7,Germination,53,2025-05-28 14:10:43.159000+00:00,14,Afternoon,36.59
42.5,25.8,59.3,34783.4,Germination,54,2025-05-28 15:10:43.159000+00:00,15,Afternoon,35.37
42.2,25.7,56.9,34594.3,Germination,55,2025-05-28 16:10:43.159000+00:00,16,Afternoon,34.15
41.4,25.6,52.5,34849.5,Germination,56,2025-05-28 17:10:43.159000+00:00,17,Evening,32.93
41.1,25.2,52.8,35389.2,Germination,57,2025-05-28 18:10:43.159000+00:00,18,Evening,31.71
40.2,25.4,55.8,35485.7,Germination,58,2025-05-28 19:10:43.159000+00:00,19,Evening,30.49
39.4,25.6,55.8,35564.7,Germination,59,2025-05-28 20:10:43.159000+00:00,20,Evening,29.27
38.6,25.8,57.8,34741.2,Germination,60,2025-05-28 21:10:43.159000+00:00,21,Night,28.05
39.5,25.2,53.0,34562.7,Germination,61,2025-05-28 22:10:43.159000+00:00,22,Night,26.83
37.3,24.7,62.1,34654.3,Germination,62,2025-05-28 23:10:43.159000+00:00,23,Night,25.61
37.7,24.7,55.3,34578.2,Germination,63,2025-05-29 00:10:43.159000+00:00,0,Night,24.39
36.6,25.5,59.5,35379.8,Germination,64,2025-05-29 01:10:43.159000+00:00,1,Night,23.17
36.8,25.4,57.6,36192.9,Germination,65,2025-05-29 02:10:43.159000+00:00,2,Night,21.95
36.2,25.7,54.1,36836.7,Germination,66,2025-05-29 03:10:43.159000+00:00,3,Night,20.73
35.8,26.1,59.2,36587.3,Germination,67,2025-05-29 04:10:43.159000+00:00,4,Night,19.51
35.9,25.9,58.1,37021.9,Germination,68,2025-05-29 05:10:43.159000+00:00,5,Night,18.29
34.2,25.5,57.5,36812.5,Germination,69,2025-05-29 06:10:43.159000+00:00,6,Morning,17.07
33.8,25.2,56.9,36277.7,Germination,70,2025-05-29 07:10:43.159000+00:00,7,Morning,15.85
32.9,25.1,53.3,35963.5,Germination,71,2025-05-29 08:10:43.159000+00:00,8,Morning,14.63
32.6,25.7,58.4,35105.4,Germination,72,2025-05-29 09:10:43.159000+00:00,9,Morning,13.41
32.8,26.2,60.3,34768.9,Germination,73,2025-05-29 10:10:43.159000+00:00,10,Morning,12.2
32.1,26.0,52.9,34690.4,Germination,74,2025-05-29 11:10:43.159000+00:00,11,Morning,10.98
31.4,26.6,54.4,35601.4,Germination,75,2025-05-29 12:10:43.159000+00:00,12,Afternoon,9.76
29.6,26.9,61.6,35228.2,Germination,76,2025-05-29 13:10:43.159000+00:00,13,Afternoon,8.54
29.8,26.1,53.9,36033.1,Germination,77,2025-05-29 14:10:43.159000+00:00,14,Afternoon,7.32
28.9,26.3,58.3,35490.8,Germination,78,2025-05-29 15:10:43.159000+00:00,15,Afternoon,6.1
27.7,26.0,57.0,34872.8,Germination,79,2025-05-29 16:10:43.159000+00:00,16,Afternoon,4.88
27.5,26.6,56.5,34910.8,Germination,80,2025-05-29 17:10:43.159000+00:00,17,Evening,3.66
26.4,26.8,53.2,35255.8,Germination,81,2025-05-29 18:10:43.159000+00:00,18,Evening,2.44
26.7,26.9,58.1,34344.5,Germination,82,2025-05-29 19:10:43.159000+00:00,19,Evening,1.22
60.9,26.8,61.3,33786.6,Germination,0,2025-05-29 20:10:43.159000+00:00,20,Evening,0.0
61.0,27.0,55.7,33698.0,Germination,1,2025-05-29 21:10:43.159000+00:00,21,Night,100.0
60.5,26.4,62.2,33360.0,Germination,2,2025-05-29 22:10:43.159000+00:00,22,Night,98.61
60.3,26.3,56.7,33785.2,Germination,3,2025-05-29 23:10:43.159000+00:00,23,Night,97.22
59.0,25.6,53.6,33807.5,Germination,4,2025-05-30 00:10:43.159000+00:00,0,Night,95.83
58.7,25.5,62.0,33128.2,Germination,5,2025-05-30 01:10:43.159000+00:00,1,Night,94.44
58.7,25.5,61.0,33917.2,Germination,6,2025-05-30 02:10:43.159000+00:00,2,Night,93.06
58.3,25.9,60.4,33503.0,Germination,7,2025-05-30 03:10:43.159000+00:00,3,Night,91.67
57.2,25.6,60.6,33965.2,Germination,8,2025-05-30 04:10:43.159000+00:00,4,Night,90.28
56.4,25.0,58.2,34525.1,Germination,9,2025-05-30 05:10:43.159000+00:00,5,Night,88.89
57.4,25.1,55.2,35451.4,Germination,10,2025-05-30 06:10:43.159000+00:00,6,Morning,87.5
56.0,24.7,60.5,35448.4,Germination,11,2025-05-30 07:10:43.159000+00:00,7,Morning,86.11
54.9,25.3,54.6,35680.1,Germination,12,2025-05-30 08:10:43.159000+00:00,8,Morning,84.72
55.5,25.5,54.0,35349.8,Germination,13,2025-05-30 09:10:43.159000+00:00,9,Morning,83.33
53.7,25.1,53.8,35706.2,Germination,14,2025-05-30 10:10:43.159000+00:00,10,Morning,81.94
54.2,24.7,56.1,35633.0,Germination,15,2025-05-30 11:10:43.159000+00:00,11,Morning,80.56
52.4,24.1,55.5,35508.3,Germination,16,2025-05-30 12:10:43.159000+00:00,12,Afternoon,79.17
52.3,24.5,53.3,36219.2,Germination,17,2025-05-30 13:10:43.159000+00:00,13,Afternoon,77.78
52.8,24.4,56.8,35319.5,Germination,18,2025-05-30 14:10:43.159000+00:00,14,Afternoon,76.39
51.9,24.3,61.4,36083.5,Germination,19,2025-05-30 15:10:43.159000+00:00,15,Afternoon,75.0
51.1,24.5,57.7,36787.6,Germination,20,2025-05-30 16:10:43.159000+00:00,16,Afternoon,73.61
49.5,25.2,60.3,36800.3,Germination,21,2025-05-30 17:10:43.159000+00:00,17,Evening,72.22
50.4,25.0,53.8,36780.7,Germination,22,2025-05-30 18:10:43.159000+00:00,18,Evening,70.83
48.4,25.2,53.2,36504.4,Germination,23,2025-05-30 19:10:43.159000+00:00,19,Evening,69.44
48.3,24.3,58.5,37492.7,Germination,24,2025-05-30 20:10:43.159000+00:00,20,Evening,68.06
47.8,24.4,57.4,36715.0,Germination,25,2025-05-30 21:10:43.159000+00:00,21,Night,66.67
47.0,25.2,59.1,36895.5,Germination,26,2025-05-30 22:10:43.159000+00:00,22,Night,65.28
46.4,24.8,60.3,37258.8,Germination,27,2025-05-30 23:10:43.159000+00:00,23,Night,63.89
47.6,24.6,60.2,38127.5,Germination,28,2025-05-31 00:10:43.159000+00:00,0,Night,62.5
47.2,24.6,61.5,38687.9,Germination,29,2025-05-31 01:10:43.159000+00:00,1,Night,61.11
45.6,25.2,55.3,38975.6,Germination,30,2025-05-31 02:10:43.159000+00:00,2,Night,59.72
45.5,25.2,54.9,38209.2,Germination,31,2025-05-31 03:10:43.159000+00:00,3,Night,58.33
45.5,25.6,58.3,37956.7,Germination,32,2025-05-31 04:10:43.159000+00:00,4,Night,56.94
45.0,25.6,53.7,37234.4,Germination,33,2025-05-31 05:10:43.159000+00:00,5,Night,55.56
43.2,25.3,55.2,37996.8,Germination,34,2025-05-31 06:10:43.159000+00:00,6,Morning,54.17
43.2,25.1,53.6,38496.0,Germination,35,2025-05-31 07:10:43.159000+00:00,7,Morning,52.78
42.6,25.6,55.1,39011.1,Germination,36,2025-05-31 08:10:43.159000+00:00,8,Morning,51.39
41.6,25.6,52.2,39315.6,Germination,37,2025-05-31 09:10:43.159000+00:00,9,Morning,50.0
41.2,26.0,52.8,39329.7,Germination,38,2025-05-31 10:10:43.159000+00:00,10,Morning,48.61
40.3,26.1,59.1,38629.7,Germination,39,2025-05-31 11:10:43.159000+00:00,11,Morning,47.22
39.6,25.8,58.4,38289.0,Germination,40,2025-05-31 12:10:43.159000+00:00,12,Afternoon,45.83
40.3,27.0,58.9,37562.9,Germination,41,2025-05-31 13:10:43.159000+00:00,13,Afternoon,44.44
38.2,26.1,58.7,38012.7,Germination,42,2025-05-31 14:10:43.159000+00:00,14,Afternoon,43.06
38.6,25.8,53.8,37333.2,Germination,43,2025-05-31 15:10:43.159000+00:00,15,Afternoon,41.67
37.9,26.6,54.9,37737.4,Germination,44,2025-05-31 16:10:43.159000+00:00,16,Afternoon,40.28
37.0,25.7,53.1,38121.9,Germination,45,2025-05-31 17:10:43.159000+00:00,17,Evening,38.89
35.5,26.6,59.9,38040.5,Germination,46,2025-05-31 18:10:43.159000+00:00,18,Evening,37.5
36.0,26.2,59.5,37311.0,Germination,47,2025-05-31 19:10:43.159000+00:00,19,Evening,36.11
35.9,26.3,53.6,36940.6,Germination,48,2025-05-31 20:10:43.159000+00:00,20,Evening,34.72
35.7,26.3,56.2,36580.7,Germination,49,2025-05-31 21:10:43.159000+00:00,21,Night,33.33
35.0,26.5,61.5,36981.5,Germination,50,2025-05-31 22:10:43.159000+00:00,22,Night,31.94
34.1,26.1,57.3,36209.0,Germination,51,2025-05-31 23:10:43.159000+00:00,23,Night,30.56
32.4,26.4,59.5,36867.1,Germination,52,2025-06-01 00:10:43.159000+00:00,0,Night,29.17
33.5,25.9,55.1,37389.2,Germination,53,2025-06-01 01:10:43.159000+00:00,1,Night,27.78
32.2,25.9,53.3,36761.8,Germination,54,2025-06-01 02:10:43.159000+00:00,2,Night,26.39
30.9,26.0,60.1,37200.1,Germination,55,2025-06-01 03:10:43.159000+00:00,3,Night,25.0
30.1,26.3,59.0,37537.1,Germination,56,2025-06-01 04:10:43.159000+00:00,4,Night,23.61
30.7,26.2,57.9,38033.4,Germination,57,2025-06-01 05:10:43.159000+00:00,5,Night,22.22
29.1,26.5,58.3,37411.2,Germination,58,2025-06-01 06:10:43.159000+00:00,6,Morning,20.83
28.2,26.1,56.8,36726.4,Germination,59,2025-06-01 07:10:43.159000+00:00,7,Morning,19.44
28.8,26.2,59.5,36199.4,Germination,60,2025-06-01 08:10:43.159000+00:00,8,Morning,18.06
27.5,26.5,55.3,35931.1,Germination,61,2025-06-01 09:10:43.159000+00:00,9,Morning,16.67
27.0,26.8,53.7,36518.4,Germination,62,2025-06-01 10:10:43.159000+00:00,10,Morning,15.28
25.9,26.6,54.3,36994.3,Germination,63,2025-06-01 11:10:43.159000+00:00,11,Morning,13.89
26.8,26.3,57.2,37845.2,Germination,64,2025-06-01 12:10:43.159000+00:00,12,Afternoon,12.5
26.4,26.8,55.3,36962.5,Germination,65,2025-06-01 13:10:43.159000+00:00,13,Afternoon,11.11
24.1,27.6,58.1,35985.6,Germination,66,2025-06-01 14:10:43.159000+00:00,14,Afternoon,9.72
24.4,26.8,58.3,36383.8,Germination,67,2025-06-01 15:10:43.159000+00:00,15,Afternoon,8.33
24.3,26.8,53.9,35942.4,Germination,68,2025-06-01 16:10:43.159000+00:00,16,Afternoon,6.94
23.3,25.8,59.1,35610.6,Germination,69,2025-06-01 17:10:43.159000+00:00,17,Evening,5.56
23.9,25.9,52.3,35704.2,Germination,70,2025-06-01 18:10:43.159000+00:00,18,Evening,4.17
22.0,26.7,55.5,34909.0,Germination,71,2025-06-01 19:10:43.159000+00:00,19,Evening,2.78
22.3,26.8,58.3,35194.4,Germination,72,2025-06-01 20:10:43.159000+00:00,20,Evening,1.39
65.3,27.2,54.9,34844.7,Germination,0,2025-06-01 21:10:43.159000+00:00,21,Night,0.0
65.9,26.7,56.2,35110.1,Germination,1,2025-06-01 22:10:43.159000+00:00,22,Night,100.0
63.8,25.9,61.8,35778.1,Germination,2,2025-06-01 23:10:43.159000+00:00,23,Night,98.88
63.2,25.8,59.5,35120.4,Germination,3,2025-06-02 00:10:43.159000+00:00,0,Night,97.75
63.2,25.6,55.6,35982.1,Germination,4,2025-06-02 01:10:43.159000+00:00,1,Night,96.63
62.2,25.6,63.9,36043.5,Germination,5,2025-06-02 02:10:43.159000+00:00,2,Night,95.51
61.6,25.8,60.7,36889.3,Germination,6,2025-06-02 03:10:43.159000+00:00,3,Night,94.38
62.3,26.1,53.7,36304.8,Germination,7,2025-06-02 04:10:43.159000+00:00,4,Night,93.26
61.4,26.4,56.8,36513.9,Germination,8,2025-06-02 05:10:43.159000+00:00,5,Night,92.13
60.4,26.0,56.1,36321.7,Germination,9,2025-06-02 06:10:43.159000+00:00,6,Morning,91.01
60.9,26.4,56.0,36870.1,Germination,10,2025-06-02 07:10:43.159000+00:00,7,Morning,89.89
59.9,26.3,63.5,37082.0,Germination,11,2025-06-02 08:10:43.159000+00:00,8,Morning,88.76
59.6,27.2,57.0,37071.0,Germination,12,2025-06-02 09:10:43.159000+00:00,9,Morning,87.64
58.8,26.4,55.8,37897.0,Germination,13,2025-06-02 10:10:43.159000+00:00,10,Morning,86.52
57.5,26.9,58.4,37651.2,Germination,14,2025-06-02 11:10:43.159000+00:00,11,Morning,85.39
57.4,27.3,60.7,37091.2,Germination,15,2025-06-02 12:10:43.159000+00:00,12,Afternoon,84.27
57.9,26.5,57.4,37307.4,Germination,16,2025-06-02 13:10:43.159000+00:00,13,Afternoon,83.15
57.5,26.4,52.3,37555.4,Germination,17,2025-06-02 14:10:43.159000+00:00,14,Afternoon,82.02
55.8,26.6,57.7,37433.6,Germination,18,2025-06-02 15:10:43.159000+00:00,15,Afternoon,80.9
55.9,26.8,52.3,37406.8,Germination,19,2025-06-02 16:10:43.159000+00:00,16,Afternoon,79.78
55.4,27.2,58.0,38325.9,Germination,20,2025-06-02 17:10:43.159000+00:00,17,Evening,78.65
55.2,26.4,58.1,38791.3,Germination,21,2025-06-02 18:10:43.159000+00:00,18,Evening,77.53
54.5,26.6,54.4,38012.5,Germination,22,2025-06-02 19:10:43.159000+00:00,19,Evening,76.4
54.4,26.4,59.4,37436.8,Germination,23,2025-06-02 20:10:43.159000+00:00,20,Evening,75.28
52.6,26.7,61.2,38387.9,Germination,24,2025-06-02 21:10:43.159000+00:00,21,Night,74.16
51.6,26.2,60.1,38840.9,Germination,25,2025-06-02 22:10:43.159000+00:00,22,Night,73.03
51.7,25.9,54.9,39670.9,Germination,26,2025-06-02 23:10:43.159000+00:00,23,Night,71.91
51.1,26.3,58.7,39278.7,Germination,27,2025-06-03 00:10:43.159000+00:00,0,Night,70.79
49.9,26.7,60.2,39762.4,Germination,28,2025-06-03 01:10:43.159000+00:00,1,Night,69.66
49.7,26.0,55.0,40000.0,Germination,29,2025-06-03 02:10:43.159000+00:00,2,Night,68.54
48.9,25.8,61.1,39589.4,Germination,30,2025-06-03 03:10:43.159000+00:00,3,Night,67.42
48.5,25.6,52.5,39691.0,Germination,31,2025-06-03 04:10:43.159000+00:00,4,Night,66.29
47.3,25.4,52.4,39945.8,Germination,32,2025-06-03 05:10:43.159000+00:00,5,Night,65.17
48.2,25.7,60.1,39908.1,Seedling Stage,33,2025-06-03 06:10:43.159000+00:00,6,Morning,64.04
46.4,26.2,60.0,40000.0,Seedling Stage,34,2025-06-03 07:10:43.159000+00:00,7,Morning,62.92
47.1,26.0,59.9,40000.0,Seedling Stage,35,2025-06-03 08:10:43.159000+00:00,8,Morning,61.8
45.5,26.3,61.1,40000.0,Seedling Stage,36,2025-06-03 09:10:43.159000+00:00,9,Morning,60.67
45.8,26.0,53.2,40000.0,Seedling Stage,37,2025-06-03 10:10:43.159000+00:00,10,Morning,59.55
45.7,25.5,55.2,39976.2,Seedling Stage,38,2025-06-03 11:10:43.159000+00:00,11,Morning,58.43
43.9,25.4,61.5,39739.0,Seedling Stage,39,2025-06-03 12:10:43.159000+00:00,12,Afternoon,57.3
43.6,25.5,53.6,40000.0,Seedling Stage,40,2025-06-03 13:10:43.159000+00:00,13,Afternoon,56.18
43.2,25.9,58.6,39980.4,Seedling Stage,41,2025-06-03 14:10:43.159000+00:00,14,Afternoon,55.06
41.8,25.6,56.7,39473.1,Seedling Stage,42,2025-06-03 15:10:43.159000+00:00,15,Afternoon,53.93
41.9,25.7,52.9,39487.8,Seedling Stage,43,2025-06-03 16:10:43.159000+00:00,16,Afternoon,52.81
41.0,25.8,54.2,38771.5,Seedling Stage,44,2025-06-03 17:10:43.159000+00:00,17,Evening,51.69
41.2,24.7,58.1,39154.8,Seedling Stage,45,2025-06-03 18:10:43.159000+00:00,18,Evening,50.56
40.1,25.7,61.2,38826.6,Seedling Stage,46,2025-06-03 19:10:43.159000+00:00,19,Evening,49.44
40.3,24.8,59.5,38348.0,Seedling Stage,47,2025-06-03 20:10:43.159000+00:00,20,Evening,48.31
38.0,25.8,57.9,39261.0,Seedling Stage,48,2025-06-03 21:10:43.159000+00:00,21,Night,47.19
37.3,25.4,57.0,39814.7,Seedling Stage,49,2025-06-03 22:10:43.159000+00:00,22,Night,46.07
38.4,25.7,55.6,40000.0,Seedling Stage,50,2025-06-03 23:10:43.159000+00:00,23,Night,44.94
38.3,25.7,54.1,40000.0,Seedling Stage,51,2025-06-04 00:10:43.159000+00:00,0,Night,43.82
36.8,25.2,55.8,40000.0,Seedling Stage,52,2025-06-04 01:10:43.159000+00:00,1,Night,42.7
36.2,24.8,52.2,40000.0,Seedling Stage,53,2025-06-04 02:10:43.159000+00:00,2,Night,41.57
35.5,24.9,53.2,40000.0,Seedling Stage,54,2025-06-04 03:10:43.159000+00:00,3,Night,40.45
35.6,25.1,56.3,40000.0,Seedling Stage,55,2025-06-04 04:10:43.159000+00:00,4,Night,39.33
34.2,25.9,56.6,39383.2,Seedling Stage,56,2025-06-04 05:10:43.159000+00:00,5,Night,38.2
34.2,25.1,52.2,40000.0,Seedling Stage,57,2025-06-04 06:10:43.159000+00:00,6,Morning,37.08
34.8,25.0,58.8,39802.9,Seedling Stage,58,2025-06-04 07:10:43.159000+00:00,7,Morning,35.96
34.1,24.9,56.8,39859.7,Seedling Stage,59,2025-06-04 08:10:43.159000+00:00,8,Morning,34.83
33.0,25.5,52.9,39105.2,Seedling Stage,60,2025-06-04 09:10:43.159000+00:00,9,Morning,33.71
31.7,25.6,61.9,39185.4,Seedling Stage,61,2025-06-04 10:10:43.159000+00:00,10,Morning,32.58
32.1,25.5,52.4,39407.8,Seedling Stage,62,2025-06-04 11:10:43.159000+00:00,11,Morning,31.46
32.0,24.7,61.0,40000.0,Seedling Stage,63,2025-06-04 12:10:43.159000+00:00,12,Afternoon,30.34
31.4,25.2,51.0,40000.0,Seedling Stage,64,2025-06-04 13:10:43.159000+00:00,13,Afternoon,29.21
31.4,25.2,60.1,40000.0,Seedling Stage,65,2025-06-04 14:10:43.159000+00:00,14,Afternoon,28.09
30.9,24.1,53.2,39696.8,Seedling Stage,66,2025-06-04 15:10:43.159000+00:00,15,Afternoon,26.97
29.1,24.2,58.9,40000.0,Seedling Stage,67,2025-06-04 16:10:43.159000+00:00,16,Afternoon,25.84
29.9,25.0,55.0,39911.0,Seedling Stage,68,2025-06-04 17:10:43.159000+00:00,17,Evening,24.72
28.5,24.6,59.2,40000.0,Seedling Stage,69,2025-06-04 18:10:43.159000+00:00,18,Evening,23.6
28.5,25.2,56.5,39432.6,Seedling Stage,70,2025-06-04 19:10:43.159000+00:00,19,Evening,22.47
28.4,24.8,52.0,39444.3,Seedling Stage,71,2025-06-04 20:10:43.159000+00:00,20,Evening,21.35
27.2,24.4,58.9,40000.0,Seedling Stage,72,2025-06-04 21:10:43.159000+00:00,21,Night,20.22
26.8,25.2,61.1,40000.0,Seedling Stage,73,2025-06-04 22:10:43.159000+00:00,22,Night,19.1
26.3,24.7,55.1,40000.0,Seedling Stage,74,2025-06-04 23:10:43.159000+00:00,23,Night,17.98
25.2,25.2,54.7,40000.0,Seedling Stage,75,2025-06-05 00:10:43.159000+00:00,0,Night,16.85
26.2,24.9,58.6,39352.9,Seedling Stage,76,2025-06-05 01:10:43.159000+00:00,1,Night,15.73
25.1,24.5,60.0,39796.2,Seedling Stage,77,2025-06-05 02:10:43.159000+00:00,2,Night,14.61
24.5,25.1,55.1,40000.0,Seedling Stage,78,2025-06-05 03:10:43.159000+00:00,3,Night,13.48
22.6,24.4,52.2,39183.1,Seedling Stage,79,2025-06-05 04:10:43.159000+00:00,4,Night,12.36
23.5,25.0,54.3,38409.4,Seedling Stage,80,2025-06-05 05:10:43.159000+00:00,5,Night,11.24
23.5,25.1,54.8,37626.3,Seedling Stage,81,2025-06-05 06:10:43.159000+00:00,6,Morning,10.11
21.7,24.2,60.0,38075.0,Seedling Stage,82,2025-06-05 07:10:43.159000+00:00,7,Morning,8.99
20.8,24.2,54.1,37358.5,Seedling Stage,83,2025-06-05 08:10:43.159000+00:00,8,Morning,7.87
21.0,24.9,56.6,37293.9,Seedling Stage,84,2025-06-05 09:10:43.159000+00:00,9,Morning,6.74
20.0,25.1,51.9,37007.9,Seedling Stage,85,2025-06-05 10:10:43.159000+00:00,10,Morning,5.62
20.0,24.5,55.4,37108.9,Seedling Stage,86,2025-06-05 11:10:43.159000+00:00,11,Morning,4.49
20.0,24.3,53.0,37521.8,Seedling Stage,87,2025-06-05 12:10:43.159000+00:00,12,Afternoon,3.37
20.0,24.6,59.7,37891.3,Seedling Stage,88,2025-06-05 13:10:43.159000+00:00,13,Afternoon,2.25
20.0,24.4,57.2,37922.3,Seedling Stage,89,2025-06-05 14:10:43.159000+00:00,14,Afternoon,1.12
63.4,24.0,54.8,37851.0,Seedling Stage,0,2025-06-05 15:10:43.159000+00:00,15,Afternoon,0.0
61.7,23.4,55.1,37646.6,Seedling Stage,1,2025-06-05 16:10:43.159000+00:00,16,Afternoon,100.0
62.4,23.2,57.7,38370.4,Seedling Stage,2,2025-06-05 17:10:43.159000+00:00,17,Evening,98.75
62.5,23.9,54.1,38032.2,Seedling Stage,3,2025-06-05 18:10:43.159000+00:00,18,Evening,97.5
61.5,23.7,59.6,37550.9,Seedling Stage,4,2025-06-05 19:10:43.159000+00:00,19,Evening,96.25
60.4,23.7,59.2,38037.5,Seedling Stage,5,2025-06-05 20:10:43.159000+00:00,20,Evening,95.0
60.3,22.6,57.3,37757.0,Seedling Stage,6,2025-06-05 21:10:43.159000+00:00,21,Night,93.75
58.8,23.2,56.9,38451.0,Seedling Stage,7,2025-06-05 22:10:43.159000+00:00,22,Night,92.5
59.6,23.7,63.8,38106.8,Seedling Stage,8,2025-06-05 23:10:43.159000+00:00,23,Night,91.25
58.6,23.0,62.9,38510.7,Seedling Stage,9,2025-06-06 00:10:43.159000+00:00,0,Night,90.0
57.5,22.9,53.2,37600.9,Seedling Stage,10,2025-06-06 01:10:43.159000+00:00,1,Night,88.75
56.5,22.4,61.0,37372.0,Seedling Stage,11,2025-06-06 02:10:43.159000+00:00,2,Night,87.5
56.9,22.7,53.9,37058.5,Seedling Stage,12,2025-06-06 03:10:43.159000+00:00,3,Night,86.25
56.1,21.6,59.0,37691.9,Seedling Stage,13,2025-06-06 04:10:43.159000+00:00,4,Night,85.0
54.7,21.7,54.4,38626.0,Seedling Stage,14,2025-06-06 05:10:43.159000+00:00,5,Night,83.75
55.5,21.8,56.4,38547.7,Seedling Stage,15,2025-06-06 06:10:43.159000+00:00,6,Morning,82.5
54.0,21.7,57.8,39197.4,Seedling Stage,16,2025-06-06 07:10:43.159000+00:00,7,Morning,81.25
53.5,21.3,56.6,39596.8,Seedling Stage,17,2025-06-06 08:10:43.159000+00:00,8,Morning,80.0
52.6,21.6,54.9,40000.0,Seedling Stage,18,2025-06-06 09:10:43.159000+00:00,9,Morning,78.75
51.9,22.5,56.0,40000.0,Seedling Stage,19,2025-06-06 10:10:43.159000+00:00,10,Morning,77.5
51.3,21.7,55.4,39155.0,Seedling Stage,20,2025-06-06 11:10:43.159000+00:00,11,Morning,76.25
51.7,22.0,62.4,39581.5,Seedling Stage,21,2025-06-06 12:10:43.159000+00:00,12,Afternoon,75.0
50.3,21.9,60.1,39652.5,Seedling Stage,22,2025-06-06 13:10:43.159000+00:00,13,Afternoon,73.75
50.4,22.3,56.4,38685.4,Seedling Stage,23,2025-06-06 14:10:43.159000+00:00,14,Afternoon,72.5
50.2,22.2,53.4,38188.0,Seedling Stage,24,2025-06-06 15:10:43.159000+00:00,15,Afternoon,71.25
49.6,22.0,60.5,39031.5,Seedling Stage,25,2025-06-06 16:10:43.159000+00:00,16,Afternoon,70.0
48.6,22.8,54.1,39883.7,Seedling Stage,26,2025-06-06 17:10:43.159000+00:00,17,Evening,68.75
48.0,22.2,53.3,40000.0,Seedling Stage,27,2025-06-06 18:10:43.159000+00:00,18,Evening,67.5
47.7,22.4,56.7,40000.0,Seedling Stage,28,2025-06-06 19:10:43.159000+00:00,19,Evening,66.25
46.1,22.5,61.7,40000.0,Seedling Stage,29,2025-06-06 20:10:43.159000+00:00,20,Evening,65.0
47.3,22.6,53.5,39020.4,Seedling Stage,30,2025-06-06 21:10:43.159000+00:00,21,Night,63.75
45.8,21.9,52.7,38596.1,Seedling Stage,31,2025-06-06 22:10:43.159000+00:00,22,Night,62.5
44.4,21.9,56.5,37657.3,Seedling Stage,32,2025-06-06 23:10:43.159000+00:00,23,Night,61.25
44.7,21.9,54.0,36845.5,Seedling Stage,33,2025-06-07 00:10:43.159000+00:00,0,Night,60.0
43.8,21.8,57.9,36283.2,Seedling Stage,34,2025-06-07 01:10:43.159000+00:00,1,Night,58.75
43.4,21.8,56.3,36290.3,Seedling Stage,35,2025-06-07 02:10:43.159000+00:00,2,Night,57.5
42.9,22.1,56.9,36985.4,Seedling Stage,36,2025-06-07 03:10:43.159000+00:00,3,Night,56.25
41.7,21.7,52.3,37709.3,Seedling Stage,37,2025-06-07 04:10:43.159000+00:00,4,Night,55.0
42.2,22.1,52.8,37941.7,Seedling Stage,38,2025-06-07 05:10:43.159000+00:00,5,Night,53.75
41.1,21.9,59.3,38798.1,Seedling Stage,39,2025-06-07 06:10:43.159000+00:00,6,Morning,52.5
40.9,21.8,61.8,38798.2,Seedling Stage,40,2025-06-07 07:10:43.159000+00:00,7,Morning,51.25
41.3,22.2,53.5,39576.3,Seedling Stage,41,2025-06-07 08:10:43.159000+00:00,8,Morning,50.0
40.0,22.3,52.4,39484.4,Seedling Stage,42,2025-06-07 09:10:43.159000+00:00,9,Morning,48.75
39.3,22.2,52.9,39038.9,Seedling Stage,43,2025-06-07 10:10:43.159000+00:00,10,Morning,47.5
39.5,21.5,59.0,39871.7,Seedling Stage,44,2025-06-07 11:10:43.159000+00:00,11,Morning,46.25
38.7,22.3,59.6,39647.6,Seedling Stage,45,2025-06-07 12:10:43.159000+00:00,12,Afternoon,45.0
38.0,21.8,55.3,39654.4,Seedling Stage,46,2025-06-07 13:10:43.159000+00:00,13,Afternoon,43.75
37.6,22.9,58.8,39312.1,Seedling Stage,47,2025-06-07 14:10:43.159000+00:00,14,Afternoon,42.5
35.7,22.7,58.2,39637.8,Seedling Stage,48,2025-06-07 15:10:43.159000+00:00,15,Afternoon,41.25
35.6,22.2,61.1,40000.0,Seedling Stage,49,2025-06-07 16:10:43.159000+00:00,16,Afternoon,40.0
36.2,21.7,52.5,39051.0,Seedling Stage,50,2025-06-07 17:10:43.159000+00:00,17,Evening,38.75
35.1,21.2,53.9,39850.7,Seedling Stage,51,2025-06-07 18:10:43.159000+00:00,18,Evening,37.5
35.0,22.3,53.6,38858.6,Seedling Stage,52,2025-06-07 19:10:43.159000+00:00,19,Evening,36.25
35.0,22.4,61.2,38587.0,Seedling Stage,53,2025-06-07 20:10:43.159000+00:00,20,Evening,35.0
33.7,21.7,60.6,37924.2,Seedling Stage,54,2025-06-07 21:10:43.159000+00:00,21,Night,33.75
33.8,21.4,58.3,38438.9,Seedling Stage,55,2025-06-07 22:10:43.159000+00:00,22,Night,32.5
32.5,21.9,52.2,37540.1,Seedling Stage,56,2025-06-07 23:10:43.159000+00:00,23,Night,31.25
31.5,21.5,55.3,37647.1,Seedling Stage,57,2025-06-08 00:10:43.159000+00:00,0,Night,30.0
30.7,21.9,55.8,37237.0,Seedling Stage,58,2025-06-08 01:10:43.159000+00:00,1,Night,28.75
31.0,21.0,56.9,36504.3,Seedling Stage,59,2025-06-08 02:10:43.159000+00:00,2,Night,27.5
30.7,21.2,54.7,37047.9,Seedling Stage,60,2025-06-08 03:10:43.159000+00:00,3,Night,26.25
30.3,20.2,59.4,36482.8,Seedling Stage,61,2025-06-08 04:10:43.159000+00:00,4,Night,25.0
30.4,20.5,57.0,35930.1,Seedling Stage,62,2025-06-08 05:10:43.159000+00:00,5,Night,23.75
27.9,19.5,61.6,35480.3,Seedling Stage,63,2025-06-08 06:10:43.159000+00:00,6,Morning,22.5
28.0,20.0,62.7,35653.8,Seedling Stage,64,2025-06-08 07:10:43.159000+00:00,7,Morning,21.25
27.6,19.9,61.8,35973.2,Seedling Stage,65,2025-06-08 08:10:43.159000+00:00,8,Morning,20.0
27.3,20.4,60.7,35008.4,Seedling Stage,66,2025-06-08 09:10:43.159000+00:00,9,Morning,18.75
27.2,19.8,53.0,34492.1,Seedling Stage,67,2025-06-08 10:10:43.159000+00:00,10,Morning,17.5
26.6,20.4,59.5,34354.0,Seedling Stage,68,2025-06-08 11:10:43.159000+00:00,11,Morning,16.25
25.0,19.7,52.6,34018.0,Seedling Stage,69,2025-06-08 12:10:43.159000+00:00,12,Afternoon,15.0
25.0,19.9,59.9,34786.3,Seedling Stage,70,2025-06-08 13:10:43.159000+00:00,13,Afternoon,13.75
23.9,20.0,60.0,35361.8,Seedling Stage,71,2025-06-08 14:10:43.159000+00:00,14,Afternoon,12.5
24.0,19.6,57.3,35613.5,Seedling Stage,72,2025-06-08 15:10:43.159000+00:00,15,Afternoon,11.25
23.8,20.2,57.0,35289.6,Seedling Stage,73,2025-06-08 16:10:43.159000+00:00,16,Afternoon,10.0
21.4,19.7,52.9,35691.0,Seedling Stage,74,2025-06-08 17:10:43.159000+00:00,17,Evening,8.75
21.5,19.7,60.6,36378.2,Seedling Stage,75,2025-06-08 18:10:43.159000+00:00,18,Evening,7.5
21.3,19.6,51.7,36567.9,Seedling Stage,76,2025-06-08 19:10:43.159000+00:00,19,Evening,6.25
21.0,20.4,56.4,37136.8,Seedling Stage,77,2025-06-08 20:10:43.159000+00:00,20,Evening,5.0
20.0,20.6,52.8,37635.0,Seedling Stage,78,2025-06-08 21:10:43.159000+00:00,21,Night,3.75
20.5,20.5,51.6,37778.5,Seedling Stage,79,2025-06-08 22:10:43.159000+00:00,22,Night,2.5
20.0,20.2,53.8,37402.9,Seedling Stage,80,2025-06-08 23:10:43.159000+00:00,23,Night,1.25
70.8,19.5,61.7,37894.4,Seedling Stage,0,2025-06-09 00:10:43.159000+00:00,0,Night,0.0
71.9,19.3,63.6,37308.0,Seedling Stage,1,2025-06-09 01:10:43.159000+00:00,1,Night,100.0
69.9,19.7,63.8,37867.0,Seedling Stage,2,2025-06-09 02:10:43.159000+00:00,2,Night,98.82
70.5,19.4,60.9,38476.1,Seedling Stage,3,2025-06-09 03:10:43.159000+00:00,3,Night,97.65
70.0,19.8,54.4,39120.4,Seedling Stage,4,2025-06-09 04:10:43.159000+00:00,4,Night,96.47
68.2,19.9,56.6,39066.2,Seedling Stage,5,2025-06-09 05:10:43.159000+00:00,5,Night,95.29
68.4,19.3,57.4,38451.2,Seedling Stage,6,2025-06-09 06:10:43.159000+00:00,6,Morning,94.12
67.1,18.9,56.4,37650.6,Seedling Stage,7,2025-06-09 07:10:43.159000+00:00,7,Morning,92.94
66.7,19.4,64.6,38137.4,Seedling Stage,8,2025-06-09 08:10:43.159000+00:00,8,Morning,91.76
65.8,19.2,56.5,38909.9,Seedling Stage,9,2025-06-09 09:10:43.159000+00:00,9,Morning,90.59
65.6,18.6,57.9,39211.6,Seedling Stage,10,2025-06-09 10:10:43.159000+00:00,10,Morning,89.41
65.9,18.9,65.1,38499.9,Seedling Stage,11,2025-06-09 11:10:43.159000+00:00,11,Morning,88.24
64.4,19.0,57.1,39369.7,Seedling Stage,12,2025-06-09 12:10:43.159000+00:00,12,Afternoon,87.06
64.1,19.1,63.9,40000.0,Seedling Stage,13,2025-06-09 13:10:43.159000+00:00,13,Afternoon,85.88
63.5,19.3,57.6,39866.8,Seedling Stage,14,2025-06-09 14:10:43.159000+00:00,14,Afternoon,84.71
64.3,19.3,59.2,40000.0,Seedling Stage,15,2025-06-09 15:10:43.159000+00:00,15,Afternoon,83.53
62.9,20.0,57.3,40000.0,Seedling Stage,16,2025-06-09 16:10:43.159000+00:00,16,Afternoon,82.35
61.8,20.0,57.4,40000.0,Seedling Stage,17,2025-06-09 17:10:43.159000+00:00,17,Evening,81.18
61.8,19.5,59.5,40000.0,Seedling Stage,18,2025-06-09 18:10:43.159000+00:00,18,Evening,80.0
62.6,19.9,57.0,39229.8,Seedling Stage,19,2025-06-09 19:10:43.159000+00:00,19,Evening,78.82
60.8,19.7,58.3,39391.2,Seedling Stage,20,2025-06-09 20:10:43.159000+00:00,20,Evening,77.65
59.5,19.4,63.0,39775.1,Seedling Stage,21,2025-06-09 21:10:43.159000+00:00,21,Night,76.47
60.5,19.8,58.1,40000.0,Seedling Stage,22,2025-06-09 22:10:43.159000+00:00,22,Night,75.29
59.1,19.5,63.9,40000.0,Seedling Stage,23,2025-06-09 23:10:43.159000+00:00,23,Night,74.12
57.8,19.4,59.6,40000.0,Seedling Stage,24,2025-06-10 00:10:43.159000+00:00,0,Night,72.94
58.1,20.0,62.2,40000.0,Seedling Stage,25,2025-06-10 01:10:43.159000+00:00,1,Night,71.76
56.6,19.7,55.3,40000.0,Seedling Stage,26,2025-06-10 02:10:43.159000+00:00,2,Night,70.59
56.1,19.8,56.5,39854.6,Seedling Stage,27,2025-06-10 03:10:43.159000+00:00,3,Night,69.41
55.9,19.3,58.6,39699.2,Seedling Stage,28,2025-06-10 04:10:43.159000+00:00,4,Night,68.24
54.8,19.8,61.3,39205.9,Vegetative Stage,29,2025-06-10 05:10:43.159000+00:00,5,Night,67.06
56.0,19.6,54.3,39842.4,Vegetative Stage,30,2025-06-10 06:10:43.159000+00:00,6,Morning,65.88
55.7,19.4,59.5,40000.0,Vegetative Stage,31,2025-06-10 07:10:43.159000+00:00,7,Morning,64.71
53.5,19.5,62.7,39512.7,Vegetative Stage,32,2025-06-10 08:10:43.159000+00:00,8,Morning,63.53
54.8,19.4,60.7,38624.9,Vegetative Stage,33,2025-06-10 09:10:43.159000+00:00,9,Morning,62.35
52.9,18.6,55.4,39256.0,Vegetative Stage,34,2025-06-10 10:10:43.159000+00:00,10,Morning,61.18
52.3,18.3,61.9,39496.5,Vegetative Stage,35,2025-06-10 11:10:43.159000+00:00,11,Morning,60.0
52.1,18.6,60.2,40000.0,Vegetative Stage,36,2025-06-10 12:10:43.159000+00:00,12,Afternoon,58.82
50.9,18.3,57.2,39504.5,Vegetative Stage,37,2025-06-10 13:10:43.159000+00:00,13,Afternoon,57.65
51.1,18.5,55.9,38646.5,Vegetative Stage,38,2025-06-10 14:10:43.159000+00:00,14,Afternoon,56.47
49.2,18.3,58.8,38631.4,Vegetative Stage,39,2025-06-10 15:10:43.159000+00:00,15,Afternoon,55.29
49.8,18.2,58.7,37802.4,Vegetative Stage,40,2025-06-10 16:10:43.159000+00:00,16,Afternoon,54.12
49.1,18.8,60.0,37325.9,Vegetative Stage,41,2025-06-10 17:10:43.159000+00:00,17,Evening,52.94
49.3,17.8,53.7,36577.9,Vegetative Stage,42,2025-06-10 18:10:43.159000+00:00,18,Evening,51.76
48.4,17.7,61.7,36026.2,Vegetative Stage,43,2025-06-10 19:10:43.159000+00:00,19,Evening,50.59
47.8,18.2,61.6,35238.4,Vegetative Stage,44,2025-06-10 20:10:43.159000+00:00,20,Evening,49.41
47.8,18.0,53.2,36146.3,Vegetative Stage,45,2025-06-10 21:10:43.159000+00:00,21,Night,48.24
47.3,18.3,53.6,35703.4,Vegetative Stage,46,2025-06-10 22:10:43.159000+00:00,22,Night,47.06
46.9,18.9,54.5,35591.2,Vegetative Stage,47,2025-06-10 23:10:43.159000+00:00,23,Night,45.88
44.8,18.7,53.5,36388.4,Vegetative Stage,48,2025-06-11 00:10:43.159000+00:00,0,Night,44.71
45.8,19.1,56.1,36743.0,Vegetative Stage,49,2025-06-11 01:10:43.159000+00:00,1,Night,43.53
44.5,18.6,55.6,36979.1,Vegetative Stage,50,2025-06-11 02:10:43.159000+00:00,2,Night,42.35
44.7,19.3,61.9,37390.2,Vegetative Stage,51,2025-06-11 03:10:43.159000+00:00,3,Night,41.18
42.9,19.0,58.9,38047.9,Vegetative Stage,52,2025-06-11 04:10:43.159000+00:00,4,Night,40.0
43.3,19.1,61.1,38803.2,Vegetative Stage,53,2025-06-11 05:10:43.159000+00:00,5,Night,38.82
43.2,18.8,63.0,39088.5,Vegetative Stage,54,2025-06-11 06:10:43.159000+00:00,6,Morning,37.65
42.7,18.1,59.1,39868.5,Vegetative Stage,55,2025-06-11 07:10:43.159000+00:00,7,Morning,36.47
41.7,18.5,57.5,39939.3,Vegetative Stage,56,2025-06-11 08:10:43.159000+00:00,8,Morning,35.29
40.0,19.1,58.9,39493.9,Vegetative Stage,57,2025-06-11 09:10:43.159000+00:00,9,Morning,34.12
40.5,18.9,61.2,40000.0,Vegetative Stage,58,2025-06-11 10:10:43.159000+00:00,10,Morning,32.94
38.7,18.9,62.4,40000.0,Vegetative Stage,59,2025-06-11 11:10:43.159000+00:00,11,Morning,31.76
38.5,18.3,55.0,40000.0,Vegetative Stage,60,2025-06-11 12:10:43.159000+00:00,12,Afternoon,30.59
38.2,18.2,57.9,39080.3,Vegetative Stage,61,2025-06-11 13:10:43.159000+00:00,13,Afternoon,29.41
37.4,18.3,58.7,38875.4,Vegetative Stage,62,2025-06-11 14:10:43.159000+00:00,14,Afternoon,28.24
37.6,18.9,62.1,39771.0,Vegetative Stage,63,2025-06-11 15:10:43.159000+00:00,15,Afternoon,27.06
36.6,18.9,56.1,39270.3,Vegetative Stage,64,2025-06-11 16:10:43.159000+00:00,16,Afternoon,25.88
35.7,17.9,60.5,40000.0,Vegetative Stage,65,2025-06-11 17:10:43.159000+00:00,17,Evening,24.71
36.1,18.2,61.9,40000.0,Vegetative Stage,66,2025-06-11 18:10:43.159000+00:00,18,Evening,23.53
34.1,18.2,60.2,40000.0,Vegetative Stage,67,2025-06-11 19:10:43.159000+00:00,19,Evening,22.35
33.7,18.4,54.9,40000.0,Vegetative Stage,68,2025-06-11 20:10:43.159000+00:00,20,Evening,21.18
33.2,18.9,60.5,40000.0,Vegetative Stage,69,2025-06-11 21:10:43.159000+00:00,21,Night,20.0
32.4,18.5,58.9,40000.0,Vegetative Stage,70,2025-06-11 22:10:43.159000+00:00,22,Night,18.82
32.3,18.5,60.8,40000.0,Vegetative Stage,71,2025-06-11 23:10:43.159000+00:00,23,Night,17.65
32.4,18.9,59.7,40000.0,Vegetative Stage,72,2025-06-12 00:10:43.159000+00:00,0,Night,16.47
31.1,17.9,63.8,40000.0,Vegetative Stage,73,2025-06-12 01:10:43.159000+00:00,1,Night,15.29
31.8,18.2,53.1,40000.0,Vegetative Stage,74,2025-06-12 02:10:43.159000+00:00,2,Night,14.12
30.0,18.5,53.0,40000.0,Vegetative Stage,75,2025-06-12 03:10:43.159000+00:00,3,Night,12.94
30.3,19.2,55.0,39114.8,Vegetative Stage,76,2025-06-12 04:10:43.159000+00:00,4,Night,11.76
28.7,18.7,60.4,38392.7,Vegetative Stage,77,2025-06-12 05:10:43.159000+00:00,5,Night,10.59
28.4,18.4,54.3,38295.6,Vegetative Stage,78,2025-06-12 06:10:43.159000+00:00,6,Morning,9.41
28.5,18.1,52.9,38065.4,Vegetative Stage,79,2025-06-12 07:10:43.159000+00:00,7,Morning,8.24
27.2,19.0,58.5,38630.8,Vegetative Stage,80,2025-06-12 08:10:43.159000+00:00,8,Morning,7.06
27.2,18.7,60.9,37952.1,Vegetative Stage,81,2025-06-12 09:10:43.159000+00:00,9,Morning,5.88
26.5,18.1,50.7,38904.3,Vegetative Stage,82,2025-06-12 10:10:43.159000+00:00,10,Morning,4.71
26.1,18.2,57.0,38534.4,Vegetative Stage,83,2025-06-12 11:10:43.159000+00:00,11,Morning,3.53
25.0,18.1,62.9,38392.2,Vegetative Stage,84,2025-06-12 12:10:43.159000+00:00,12,Afternoon,2.35
25.1,18.3,57.9,37941.7,Vegetative Stage,85,2025-06-12 13:10:43.159000+00:00,13,Afternoon,1.18
58.3,18.0,64.4,38100.5,Vegetative Stage,0,2025-06-12 14:10:43.159000+00:00,14,Afternoon,0.0
58.1,16.9,59.9,37217.7,Vegetative Stage,1,2025-06-12 15:10:43.159000+00:00,15,Afternoon,100.0
57.7,17.5,63.5,36517.1,Vegetative Stage,2,2025-06-12 16:10:43.159000+00:00,16,Afternoon,98.18
56.8,17.6,58.4,37008.7,Vegetative Stage,3,2025-06-12 17:10:43.159000+00:00,17,Evening,96.36
56.6,17.6,57.6,36381.7,Vegetative Stage,4,2025-06-12 18:10:43.159000+00:00,18,Evening,94.55
54.8,18.2,59.0,35852.7,Vegetative Stage,5,2025-06-12 19:10:43.159000+00:00,19,Evening,92.73
55.3,17.6,57.0,36438.7,Vegetative Stage,6,2025-06-12 20:10:43.159000+00:00,20,Evening,90.91
53.9,18.6,59.8,35625.3,Vegetative Stage,7,2025-06-12 21:10:43.159000+00:00,21,Night,89.09
53.3,18.4,57.4,35500.2,Vegetative Stage,8,2025-06-12 22:10:43.159000+00:00,22,Night,87.27
53.5,17.7,53.4,34546.3,Vegetative Stage,9,2025-06-12 23:10:43.159000+00:00,23,Night,85.45
52.5,18.3,56.3,34240.0,Vegetative Stage,10,2025-06-13 00:10:43.159000+00:00,0,Night,83.64
52.6,18.3,56.6,34637.9,Vegetative Stage,11,2025-06-13 01:10:43.159000+00:00,1,Night,81.82
50.3,19.0,61.2,33818.1,Vegetative Stage,12,2025-06-13 02:10:43.159000+00:00,2,Night,80.0
50.1,18.8,63.0,34594.8,Vegetative Stage,13,2025-06-13 03:10:43.159000+00:00,3,Night,78.18
50.5,18.7,56.3,35413.8,Vegetative Stage,14,2025-06-13 04:10:43.159000+00:00,4,Night,76.36
50.1,18.7,60.9,34623.8,Vegetative Stage,15,2025-06-13 05:10:43.159000+00:00,5,Night,74.55
48.9,18.5,55.4,35605.2,Vegetative Stage,16,2025-06-13 06:10:43.159000+00:00,6,Morning,72.73
47.3,18.1,58.0,35200.3,Vegetative Stage,17,2025-06-13 07:10:43.159000+00:00,7,Morning,70.91
47.8,18.7,62.1,34368.5,Vegetative Stage,18,2025-06-13 08:10:43.159000+00:00,8,Morning,69.09
47.5,18.8,63.0,33378.6,Vegetative Stage,19,2025-06-13 09:10:43.159000+00:00,9,Morning,67.27
45.4,18.7,60.7,33195.7,Vegetative Stage,20,2025-06-13 10:10:43.159000+00:00,10,Morning,65.45
45.2,18.2,61.6,33455.3,Vegetative Stage,21,2025-06-13 11:10:43.159000+00:00,11,Morning,63.64
44.6,18.7,56.3,33119.7,Vegetative Stage,22,2025-06-13 12:10:43.159000+00:00,12,Afternoon,61.82
43.3,19.5,58.2,33793.1,Vegetative Stage,23,2025-06-13 13:10:43.159000+00:00,13,Afternoon,60.0
44.1,19.4,62.5,34226.3,Vegetative Stage,24,2025-06-13 14:10:43.159000+00:00,14,Afternoon,58.18
42.7,19.4,57.3,33926.6,Vegetative Stage,25,2025-06-13 15:10:43.159000+00:00,15,Afternoon,56.36
43.6,18.6,62.1,34395.2,Vegetative Stage,26,2025-06-13 16:10:43.159000+00:00,16,Afternoon,54.55
41.3,19.0,57.6,35276.2,Vegetative Stage,27,2025-06-13 17:10:43.159000+00:00,17,Evening,52.73
41.1,18.8,62.0,34462.4,Vegetative Stage,28,2025-06-13 18:10:43.159000+00:00,18,Evening,50.91
41.5,18.5,57.9,34074.6,Vegetative Stage,29,2025-06-13 19:10:43.159000+00:00,19,Evening,49.09
41.0,18.0,63.7,34001.3,Vegetative Stage,30,2025-06-13 20:10:43.159000+00:00,20,Evening,47.27
39.1,18.0,59.3,33997.3,Vegetative Stage,31,2025-06-13 21:10:43.159000+00:00,21,Night,45.45
38.8,18.7,58.3,34081.6,Vegetative Stage,32,2025-06-13 22:10:43.159000+00:00,22,Night,43.64
38.0,17.9,55.3,33682.9,Vegetative Stage,33,2025-06-13 23:10:43.159000+00:00,23,Night,41.82
38.8,18.6,54.9,34017.4,Vegetative Stage,34,2025-06-14 00:10:43.159000+00:00,0,Night,40.0
36.8,18.3,59.8,34307.6,Vegetative Stage,35,2025-06-14 01:10:43.159000+00:00,1,Night,38.18
36.7,18.2,58.8,34463.2,Vegetative Stage,36,2025-06-14 02:10:43.159000+00:00,2,Night,36.36
36.4,18.7,58.6,33690.8,Vegetative Stage,37,2025-06-14 03:10:43.159000+00:00,3,Night,34.55
35.5,18.2,59.2,33644.7,Vegetative Stage,38,2025-06-14 04:10:43.159000+00:00,4,Night,32.73
34.5,18.1,57.1,33357.1,Vegetative Stage,39,2025-06-14 05:10:43.159000+00:00,5,Night,30.91
35.8,18.3,54.9,33339.2,Vegetative Stage,40,2025-06-14 06:10:43.159000+00:00,6,Morning,29.09
34.0,18.4,62.2,34183.0,Vegetative Stage,41,2025-06-14 07:10:43.159000+00:00,7,Morning,27.27
33.3,18.0,63.9,34144.0,Vegetative Stage,42,2025-06-14 08:10:43.159000+00:00,8,Morning,25.45
33.4,17.6,59.6,33172.0,Vegetative Stage,43,2025-06-14 09:10:43.159000+00:00,9,Morning,23.64
32.1,18.6,57.8,33049.7,Vegetative Stage,44,2025-06-14 10:10:43.159000+00:00,10,Morning,21.82
31.4,18.5,62.1,33690.9,Vegetative Stage,45,2025-06-14 11:10:43.159000+00:00,11,Morning,20.0
32.2,18.1,56.4,34251.1,Vegetative Stage,46,2025-06-14 12:10:43.159000+00:00,12,Afternoon,18.18
31.6,18.7,55.3,34277.8,Vegetative Stage,47,2025-06-14 13:10:43.159000+00:00,13,Afternoon,16.36
29.4,18.4,56.4,33777.4,Vegetative Stage,48,2025-06-14 14:10:43.159000+00:00,14,Afternoon,14.55
29.7,18.7,59.3,33707.6,Vegetative Stage,49,2025-06-14 15:10:43.159000+00:00,15,Afternoon,12.73
28.1,18.3,58.6,33835.0,Vegetative Stage,50,2025-06-14 16:10:43.159000+00:00,16,Afternoon,10.91
27.6,19.0,63.5,34834.7,Vegetative Stage,51,2025-06-14 17:10:43.159000+00:00,17,Evening,9.09
27.5,18.4,61.1,35123.1,Vegetative Stage,52,2025-06-14 18:10:43.159000+00:00,18,Evening,7.27
26.6,19.0,52.6,35511.6,Vegetative Stage,53,2025-06-14 19:10:43.159000+00:00,19,Evening,5.45
26.4,19.1,58.0,35494.5,Vegetative Stage,54,2025-06-14 20:10:43.159000+00:00,20,Evening,3.64
26.4,18.9,59.6,35203.5,Vegetative Stage,55,2025-06-14 21:10:43.159000+00:00,21,Night,1.82
60.6,19.8,65.3,35829.4,Vegetative Stage,0,2025-06-14 22:10:43.159000+00:00,22,Night,0.0
60.3,19.7,59.5,35819.3,Vegetative Stage,1,2025-06-14 23:10:43.159000+00:00,23,Night,100.0
58.5,19.4,60.5,36808.6,Vegetative Stage,2,2025-06-15 00:10:43.159000+00:00,0,Night,98.55
57.7,19.3,62.1,36722.9,Vegetative Stage,3,2025-06-15 01:10:43.159000+00:00,1,Night,97.1
57.8,19.3,63.2,35858.9,Vegetative Stage,4,2025-06-15 02:10:43.159000+00:00,2,Night,95.65
57.0,19.4,62.5,36224.0,Vegetative Stage,5,2025-06-15 03:10:43.159000+00:00,3,Night,94.2
58.0,18.8,56.6,35317.3,Vegetative Stage,6,2025-06-15 04:10:43.159000+00:00,4,Night,92.75
56.2,19.3,54.8,34818.3,Vegetative Stage,7,2025-06-15 05:10:43.159000+00:00,5,Night,91.3
56.4,19.2,54.8,34525.8,Vegetative Stage,8,2025-06-15 06:10:43.159000+00:00,6,Morning,89.86
55.3,19.0,55.5,35004.8,Vegetative Stage,9,2025-06-15 07:10:43.159000+00:00,7,Morning,88.41
55.2,18.7,53.2,34993.2,Vegetative Stage,10,2025-06-15 08:10:43.159000+00:00,8,Morning,86.96
55.5,18.9,60.8,34050.5,Vegetative Stage,11,2025-06-15 09:10:43.159000+00:00,9,Morning,85.51
54.1,18.6,59.8,34284.2,Vegetative Stage,12,2025-06-15 10:10:43.159000+00:00,10,Morning,84.06
53.8,18.8,55.4,34107.1,Vegetative Stage,13,2025-06-15 11:10:43.159000+00:00,11,Morning,82.61
52.4,18.9,58.9,34950.8,Vegetative Stage,14,2025-06-15 12:10:43.159000+00:00,12,Afternoon,81.16
52.4,18.8,58.0,34949.9,Vegetative Stage,15,2025-06-15 13:10:43.159000+00:00,13,Afternoon,79.71
51.9,19.0,55.1,35367.8,Vegetative Stage,16,2025-06-15 14:10:43.159000+00:00,14,Afternoon,78.26
51.2,18.9,58.4,34805.6,Vegetative Stage,17,2025-06-15 15:10:43.159000+00:00,15,Afternoon,76.81
49.9,19.8,57.8,35327.5,Vegetative Stage,18,2025-06-15 16:10:43.159000+00:00,16,Afternoon,75.36
50.4,19.1,60.5,35769.4,Vegetative Stage,19,2025-06-15 17:10:43.159000+00:00,17,Evening,73.91
49.7,18.6,56.5,36577.6,Vegetative Stage,20,2025-06-15 18:10:43.159000+00:00,18,Evening,72.46
47.8,19.3,54.3,35645.2,Vegetative Stage,21,2025-06-15 19:10:43.159000+00:00,19,Evening,71.01
47.8,19.5,53.5,35540.2,Vegetative Stage,22,2025-06-15 20:10:43.159000+00:00,20,Evening,69.57
46.6,18.6,59.5,35898.6,Vegetative Stage,23,2025-06-15 21:10:43.159000+00:00,21,Night,68.12
46.2,18.4,52.9,35088.9,Vegetative Stage,24,2025-06-15 22:10:43.159000+00:00,22,Night,66.67
45.8,18.6,58.7,34910.1,Vegetative Stage,25,2025-06-15 23:10:43.159000+00:00,23,Night,65.22
45.4,18.9,62.4,35794.4,Vegetative Stage,26,2025-06-16 00:10:43.159000+00:00,0,Night,63.77
43.7,18.8,55.4,35666.3,Vegetative Stage,27,2025-06-16 01:10:43.159000+00:00,1,Night,62.32
44.7,18.2,63.0,36637.1,Vegetative Stage,28,2025-06-16 02:10:43.159000+00:00,2,Night,60.87
44.2,18.1,60.0,35750.7,Vegetative Stage,29,2025-06-16 03:10:43.159000+00:00,3,Night,59.42
43.3,18.2,57.1,36186.4,Vegetative Stage,30,2025-06-16 04:10:43.159000+00:00,4,Night,57.97
43.1,18.1,62.5,36348.4,Vegetative Stage,31,2025-06-16 05:10:43.159000+00:00,5,Night,56.52
42.5,18.3,61.6,36349.5,Vegetative Stage,32,2025-06-16 06:10:43.159000+00:00,6,Morning,55.07
41.8,18.3,56.4,37291.2,Vegetative Stage,33,2025-06-16 07:10:43.159000+00:00,7,Morning,53.62
40.2,18.4,56.1,36550.5,Vegetative Stage,34,2025-06-16 08:10:43.159000+00:00,8,Morning,52.17
39.4,18.1,56.0,37342.5,Vegetative Stage,35,2025-06-16 09:10:43.159000+00:00,9,Morning,50.72
38.9,17.9,61.6,37725.0,Vegetative Stage,36,2025-06-16 10:10:43.159000+00:00,10,Morning,49.28
38.3,18.3,54.6,37243.0,Vegetative Stage,37,2025-06-16 11:10:43.159000+00:00,11,Morning,47.83
38.6,18.1,63.1,38046.3,Vegetative Stage,38,2025-06-16 12:10:43.159000+00:00,12,Afternoon,46.38
39.1,18.6,53.0,37904.9,Vegetative Stage,39,2025-06-16 13:10:43.159000+00:00,13,Afternoon,44.93
39.0,18.2,55.4,38533.4,Vegetative Stage,40,2025-06-16 14:10:43.159000+00:00,14,Afternoon,43.48
37.5,18.5,61.6,38311.0,Vegetative Stage,41,2025-06-16 15:10:43.159000+00:00,15,Afternoon,42.03
38.1,18.8,55.8,39012.9,Vegetative Stage,42,2025-06-16 16:10:43.159000+00:00,16,Afternoon,40.58
37.7,18.5,56.9,39286.2,Vegetative Stage,43,2025-06-16 17:10:43.159000+00:00,17,Evening,39.13
36.4,18.3,59.2,38568.2,Vegetative Stage,44,2025-06-16 18:10:43.159000+00:00,18,Evening,37.68
34.8,18.3,58.6,38867.6,Vegetative Stage,45,2025-06-16 19:10:43.159000+00:00,19,Evening,36.23
35.9,17.8,57.9,38250.3,Vegetative Stage,46,2025-06-16 20:10:43.159000+00:00,20,Evening,34.78
34.4,18.0,59.1,38074.1,Vegetative Stage,47,2025-06-16 21:10:43.159000+00:00,21,Night,33.33
33.4,17.8,55.9,37414.7,Vegetative Stage,48,2025-06-16 22:10:43.159000+00:00,22,Night,31.88
33.2,18.4,56.2,36458.7,Vegetative Stage,49,2025-06-16 23:10:43.159000+00:00,23,Night,30.43
31.8,18.5,60.5,35882.5,Vegetative Stage,50,2025-06-17 00:10:43.159000+00:00,0,Night,28.99
32.7,18.8,52.7,35955.3,Vegetative Stage,51,2025-06-17 01:10:43.159000+00:00,1,Night,27.54
32.6,18.8,55.3,35918.4,Vegetative Stage,52,2025-06-17 02:10:43.159000+00:00,2,Night,26.09
30.8,19.0,58.5,35921.4,Flowering Stage,53,2025-06-17 03:10:43.159000+00:00,3,Night,24.64
30.6,18.1,56.5,35416.7,Flowering Stage,54,2025-06-17 04:10:43.159000+00:00,4,Night,23.19
29.8,18.2,63.5,35787.1,Flowering Stage,55,2025-06-17 05:10:43.159000+00:00,5,Night,21.74
29.8,18.7,63.0,36195.6,Flowering Stage,56,2025-06-17 06:10:43.159000+00:00,6,Morning,20.29
29.5,19.0,61.4,35911.5,Flowering Stage,57,2025-06-17 07:10:43.159000+00:00,7,Morning,18.84
29.5,18.8,54.1,36673.9,Flowering Stage,58,2025-06-17 08:10:43.159000+00:00,8,Morning,17.39
28.1,17.8,60.6,36961.9,Flowering Stage,59,2025-06-17 09:10:43.159000+00:00,9,Morning,15.94
27.7,18.0,53.8,37388.0,Flowering Stage,60,2025-06-17 10:10:43.159000+00:00,10,Morning,14.49
26.5,17.1,62.5,36942.7,Flowering Stage,61,2025-06-17 11:10:43.159000+00:00,11,Morning,13.04
27.8,17.3,54.9,35943.9,Flowering Stage,62,2025-06-17 12:10:43.159000+00:00,12,Afternoon,11.59
26.1,17.8,56.8,36674.6,Flowering Stage,63,2025-06-17 13:10:43.159000+00:00,13,Afternoon,10.14
26.5,18.3,58.1,37319.5,Flowering Stage,64,2025-06-17 14:10:43.159000+00:00,14,Afternoon,8.7
24.6,17.9,56.3,36565.9,Flowering Stage,65,2025-06-17 15:10:43.159000+00:00,15,Afternoon,7.25
25.7,18.2,56.1,36314.1,Flowering Stage,66,2025-06-17 16:10:43.159000+00:00,16,Afternoon,5.8
25.5,18.2,60.1,36636.8,Flowering Stage,67,2025-06-17 17:10:43.159000+00:00,17,Evening,4.35
24.4,18.9,56.5,36941.0,Flowering Stage,68,2025-06-17 18:10:43.159000+00:00,18,Evening,2.9
24.2,18.3,58.7,37661.7,Flowering Stage,69,2025-06-17 19:10:43.159000+00:00,19,Evening,1.45
60.8,18.1,58.9,36942.2,Flowering Stage,0,2025-06-17 20:10:43.159000+00:00,20,Evening,0.0
59.9,18.8,57.0,36802.1,Flowering Stage,1,2025-06-17 21:10:43.159000+00:00,21,Night,100.0
59.4,19.1,61.3,35996.6,Flowering Stage,2,2025-06-17 22:10:43.159000+00:00,22,Night,98.48
57.9,19.7,57.0,35775.7,Flowering Stage,3,2025-06-17 23:10:43.159000+00:00,23,Night,96.97
57.6,18.6,58.2,34806.0,Flowering Stage,4,2025-06-18 00:10:43.159000+00:00,0,Night,95.45
58.5,19.2,54.6,35602.5,Flowering Stage,5,2025-06-18 01:10:43.159000+00:00,1,Night,93.94
57.0,18.3,58.7,35656.6,Flowering Stage,6,2025-06-18 02:10:43.159000+00:00,2,Night,92.42
56.3,18.5,61.7,36356.2,Flowering Stage,7,2025-06-18 03:10:43.159000+00:00,3,Night,90.91
57.1,19.1,59.5,35476.0,Flowering Stage,8,2025-06-18 04:10:43.159000+00:00,4,Night,89.39
55.1,19.5,58.4,34930.9,Flowering Stage,9,2025-06-18 05:10:43.159000+00:00,5,Night,87.88
56.0,19.8,54.2,34449.7,Flowering Stage,10,2025-06-18 06:10:43.159000+00:00,6,Morning,86.36
53.9,18.8,59.0,34223.1,Flowering Stage,11,2025-06-18 07:10:43.159000+00:00,7,Morning,84.85
53.6,19.4,52.4,34828.8,Flowering Stage,12,2025-06-18 08:10:43.159000+00:00,8,Morning,83.33
54.0,19.3,55.6,34601.9,Flowering Stage,13,2025-06-18 09:10:43.159000+00:00,9,Morning,81.82
53.6,19.2,55.6,34011.2,Flowering Stage,14,2025-06-18 10:10:43.159000+00:00,10,Morning,80.3
52.4,19.2,58.8,33141.2,Flowering Stage,15,2025-06-18 11:10:43.159000+00:00,11,Morning,78.79
51.0,18.9,61.8,32300.2,Flowering Stage,16,2025-06-18 12:10:43.159000+00:00,12,Afternoon,77.27
50.4,19.3,63.9,32820.3,Flowering Stage,17,2025-06-18 13:10:43.159000+00:00,13,Afternoon,75.76
50.6,19.4,60.4,32709.9,Flowering Stage,18,2025-06-18 14:10:43.159000+00:00,14,Afternoon,74.24
50.8,19.3,58.7,33162.2,Flowering Stage,19,2025-06-18 15:10:43.159000+00:00,15,Afternoon,72.73
48.2,19.4,60.9,33526.8,Flowering Stage,20,2025-06-18 16:10:43.159000+00:00,16,Afternoon,71.21
48.9,20.1,55.9,32797.5,Flowering Stage,21,2025-06-18 17:10:43.159000+00:00,17,Evening,69.7
48.5,19.7,62.7,32083.3,Flowering Stage,22,2025-06-18 18:10:43.159000+00:00,18,Evening,68.18
47.6,19.5,60.9,32594.0,Flowering Stage,23,2025-06-18 19:10:43.159000+00:00,19,Evening,66.67
47.2,20.2,61.1,33036.5,Flowering Stage,24,2025-06-18 20:10:43.159000+00:00,20,Evening,65.15
46.9,19.9,58.3,32792.6,Flowering Stage,25,2025-06-18 21:10:43.159000+00:00,21,Night,63.64
44.7,19.5,59.9,31947.5,Flowering Stage,26,2025-06-18 22:10:43.159000+00:00,22,Night,62.12
45.7,19.8,56.6,30971.6,Flowering Stage,27,2025-06-18 23:10:43.159000+00:00,23,Night,60.61
44.3,18.8,55.4,30548.0,Flowering Stage,28,2025-06-19 00:10:43.159000+00:00,0,Night,59.09
45.6,18.2,63.4,29566.4,Flowering Stage,29,2025-06-19 01:10:43.159000+00:00,1,Night,57.58
45.2,17.9,62.7,29026.5,Flowering Stage,30,2025-06-19 02:10:43.159000+00:00,2,Night,56.06
44.4,18.1,62.2,28865.6,Flowering Stage,31,2025-06-19 03:10:43.159000+00:00,3,Night,54.55
43.9,17.9,61.9,28108.4,Flowering Stage,32,2025-06-19 04:10:43.159000+00:00,4,Night,53.03
43.5,17.5,63.9,27316.9,Flowering Stage,33,2025-06-19 05:10:43.159000+00:00,5,Night,51.52
42.9,17.2,58.6,28109.8,Flowering Stage,34,2025-06-19 06:10:43.159000+00:00,6,Morning,50.0
42.3,17.5,63.2,28280.8,Flowering Stage,35,2025-06-19 07:10:43.159000+00:00,7,Morning,48.48
41.9,17.8,63.6,29149.7,Flowering Stage,36,2025-06-19 08:10:43.159000+00:00,8,Morning,46.97
41.5,17.6,60.0,28841.3,Flowering Stage,37,2025-06-19 09:10:43.159000+00:00,9,Morning,45.45
40.7,17.8,58.3,29195.6,Flowering Stage,38,2025-06-19 10:10:43.159000+00:00,10,Morning,43.94
40.3,17.9,62.6,28605.0,Flowering Stage,39,2025-06-19 11:10:43.159000+00:00,11,Morning,42.42
39.7,18.3,66.1,28841.7,Flowering Stage,40,2025-06-19 12:10:43.159000+00:00,12,Afternoon,40.91
39.2,18.2,65.4,28100.8,Flowering Stage,41,2025-06-19 13:10:43.159000+00:00,13,Afternoon,39.39
38.6,18.3,60.9,27105.0,Flowering Stage,42,2025-06-19 14:10:43.159000+00:00,14,Afternoon,37.88
38.0,18.0,57.1,27968.1,Flowering Stage,43,2025-06-19 15:10:43.159000+00:00,15,Afternoon,36.36
37.6,17.9,63.5,28077.9,Flowering Stage,44,2025-06-19 16:10:43.159000+00:00,16,Afternoon,34.85
37.0,18.3,66.4,28931.7,Flowering Stage,45,2025-06-19 17:10:43.159000+00:00,17,Evening,33.33
36.5,18.3,63.4,28599.4,Flowering Stage,46,2025-06-19 18:10:43.159000+00:00,18,Evening,31.82
35.9,18.1,62.3,28255.0,Flowering Stage,47,2025-06-19 19:10:43.159000+00:00,19,Evening,30.3
35.5,17.8,64.1,28056.3,Flowering Stage,48,2025-06-19 20:10:43.159000+00:00,20,Evening,28.79
34.9,18.0,62.8,28468.4,Flowering Stage,49,2025-06-19 21:10:43.159000+00:00,21,Night,27.27
34.5,18.1,56.9,28600.0,Flowering Stage,50,2025-06-19 22:10:43.159000+00:00,22,Night,25.76
34.1,18.0,58.3,29450.7,Flowering Stage,51,2025-06-19 23:10:43.159000+00:00,23,Night,24.24
33.7,18.4,58.4,28501.6,Flowering Stage,52,2025-06-20 00:10:43.159000+00:00,0,Night,22.73
33.3,18.0,61.6,28918.0,Flowering Stage,53,2025-06-20 01:10:43.159000+00:00,1,Night,21.21
32.6,17.8,60.5,28578.6,Flowering Stage,54,2025-06-20 02:10:43.159000+00:00,2,Night,19.7
32.1,18.2,57.4,27939.1,Flowering Stage,55,2025-06-20 03:10:43.159000+00:00,3,Night,18.18
31.4,18.0,59.4,27959.9,Flowering Stage,56,2025-06-20 04:10:43.159000+00:00,4,Night,16.67
30.6,17.8,61.5,27970.0,Flowering Stage,57,2025-06-20 05:10:43.159000+00:00,5,Night,15.15
30.0,17.9,63.5,27244.0,Flowering Stage,58,2025-06-20 06:10:43.159000+00:00,6,Morning,13.64
29.6,18.1,59.4,26647.8,Flowering Stage,59,2025-06-20 07:10:43.159000+00:00,7,Morning,12.12
29.1,17.8,65.1,26464.2,Flowering Stage,60,2025-06-20 08:10:43.159000+00:00,8,Morning,10.61
28.4,18.2,57.7,26281.8,Flowering Stage,61,2025-06-20 09:10:43.159000+00:00,9,Morning,9.09
28.0,18.4,58.3,25916.9,Flowering Stage,62,2025-06-20 10:10:43.159000+00:00,10,Morning,7.58
27.6,18.1,58.7,25214.0,Flowering Stage,63,2025-06-20 11:10:43.159000+00:00,11,Morning,6.06
27.0,18.3,57.0,24222.7,Flowering Stage,64,2025-06-20 12:10:43.159000+00:00,12,Afternoon,4.55
26.3,18.2,61.7,25163.2,Flowering Stage,65,2025-06-20 13:10:43.159000+00:00,13,Afternoon,3.03
25.6,18.1,57.4,26050.2,Flowering Stage,66,2025-06-20 14:10:43.159000+00:00,14,Afternoon,1.52
62.6,18.4,60.6,26017.5,Flowering Stage,0,2025-06-20 15:10:43.159000+00:00,15,Afternoon,0.0
62.2,18.7,67.1,27007.6,Flowering Stage,1,2025-06-20 16:10:43.159000+00:00,16,Afternoon,100.0
61.8,18.4,64.0,27354.9,Flowering Stage,2,2025-06-20 17:10:43.159000+00:00,17,Evening,98.57
61.1,18.4,64.2,26492.6,Flowering Stage,3,2025-06-20 18:10:43.159000+00:00,18,Evening,97.14
60.6,18.4,59.2,25728.1,Flowering Stage,4,2025-06-20 19:10:43.159000+00:00,19,Evening,95.71
60.2,18.3,66.8,26560.3,Flowering Stage,5,2025-06-20 20:10:43.159000+00:00,20,Evening,94.29
59.9,18.2,62.5,26820.4,Flowering Stage,6,2025-06-20 21:10:43.159000+00:00,21,Night,92.86
59.2,17.8,62.5,27506.8,Flowering Stage,7,2025-06-20 22:10:43.159000+00:00,22,Night,91.43
58.5,17.9,66.2,28303.3,Flowering Stage,8,2025-06-20 23:10:43.159000+00:00,23,Night,90.0
57.9,17.9,62.3,28199.2,Flowering Stage,9,2025-06-21 00:10:43.159000+00:00,0,Night,88.57
57.2,17.6,57.7,27296.2,Flowering Stage,10,2025-06-21 01:10:43.159000+00:00,1,Night,87.14
56.8,17.9,63.1,26672.8,Flowering Stage,11,2025-06-21 02:10:43.159000+00:00,2,Night,85.71
56.3,18.1,60.2,25805.9,Flowering Stage,12,2025-06-21 03:10:43.159000+00:00,3,Night,84.29
55.8,18.1,63.7,25183.4,Flowering Stage,13,2025-06-21 04:10:43.159000+00:00,4,Night,82.86
55.5,18.0,61.1,25004.5,Flowering Stage,14,2025-06-21 05:10:43.159000+00:00,5,Night,81.43
54.9,18.1,61.9,24240.9,Flowering Stage,15,2025-06-21 06:10:43.159000+00:00,6,Morning,80.0
54.2,17.9,62.2,23574.3,Flowering Stage,16,2025-06-21 07:10:43.159000+00:00,7,Morning,78.57
53.8,17.7,56.8,23466.0,Flowering Stage,17,2025-06-21 08:10:43.159000+00:00,8,Morning,77.14
53.4,17.9,56.7,23146.3,Flowering Stage,18,2025-06-21 09:10:43.159000+00:00,9,Morning,75.71
53.0,17.5,59.6,23081.6,Flowering Stage,19,2025-06-21 10:10:43.159000+00:00,10,Morning,74.29
52.6,17.2,66.6,22940.0,Flowering Stage,20,2025-06-21 11:10:43.159000+00:00,11,Morning,72.86
51.8,16.8,59.8,23228.9,Flowering Stage,21,2025-06-21 12:10:43.159000+00:00,12,Afternoon,71.43
51.3,16.5,62.1,24103.3,Flowering Stage,22,2025-06-21 13:10:43.159000+00:00,13,Afternoon,70.0
50.8,16.2,61.8,23319.0,Flowering Stage,23,2025-06-21 14:10:43.159000+00:00,14,Afternoon,68.57
50.1,16.6,64.3,22517.6,Flowering Stage,24,2025-06-21 15:10:43.159000+00:00,15,Afternoon,67.14
49.7,16.4,62.0,23223.2,Flowering Stage,25,2025-06-21 16:10:43.159000+00:00,16,Afternoon,65.71
49.2,16.1,65.4,23236.0,Flowering Stage,26,2025-06-21 17:10:43.159000+00:00,17,Evening,64.29
48.6,15.9,63.1,23768.8,Flowering Stage,27,2025-06-21 18:10:43.159000+00:00,18,Evening,62.86
48.0,16.3,59.0,23199.6,Flowering Stage,28,2025-06-21 19:10:43.159000+00:00,19,Evening,61.43
47.2,16.3,58.7,23857.4,Flowering Stage,29,2025-06-21 20:10:43.159000+00:00,20,Evening,60.0
46.6,16.2,63.1,24705.0,Flowering Stage,30,2025-06-21 21:10:43.159000+00:00,21,Night,58.57
46.1,16.5,66.4,24976.0,Flowering Stage,31,2025-06-21 22:10:43.159000+00:00,22,Night,57.14
45.3,16.4,64.1,24187.8,Flowering Stage,32,2025-06-21 23:10:43.159000+00:00,23,Night,55.71
45.0,16.3,61.6,24978.4,Flowering Stage,33,2025-06-22 00:10:43.159000+00:00,0,Night,54.29
44.6,16.0,61.9,25563.3,Flowering Stage,34,2025-06-22 01:10:43.159000+00:00,1,Night,52.86
44.2,15.9,64.2,26065.1,Flowering Stage,35,2025-06-22 02:10:43.159000+00:00,2,Night,51.43
43.8,15.8,64.2,25138.5,Flowering Stage,36,2025-06-22 03:10:43.159000+00:00,3,Night,50.0
43.2,15.9,58.3,25736.5,Flowering Stage,37,2025-06-22 04:10:43.159000+00:00,4,Night,48.57
42.6,15.7,59.7,25012.4,Flowering Stage,38,2025-06-22 05:10:43.159000+00:00,5,Night,47.14
41.8,15.8,64.5,24457.1,Flowering Stage,39,2025-06-22 06:10:43.159000+00:00,6,Morning,45.71
41.3,15.5,60.8,24611.4,Flowering Stage,40,2025-06-22 07:10:43.159000+00:00,7,Morning,44.29
40.7,15.2,56.3,24141.4,Flowering Stage,41,2025-06-22 08:10:43.159000+00:00,8,Morning,42.86
40.4,15.1,62.7,24464.1,Flowering Stage,42,2025-06-22 09:10:43.159000+00:00,9,Morning,41.43
40.1,15.5,63.8,24680.2,Flowering Stage,43,2025-06-22 10:10:43.159000+00:00,10,Morning,40.0
39.5,15.4,63.8,23896.5,Flowering Stage,44,2025-06-22 11:10:43.159000+00:00,11,Morning,38.57
39.0,15.5,65.5,24208.5,Flowering Stage,45,2025-06-22 12:10:43.159000+00:00,12,Afternoon,37.14
38.3,15.3,61.9,25056.5,Flowering Stage,46,2025-06-22 13:10:43.159000+00:00,13,Afternoon,35.71
37.9,15.0,65.8,24378.7,Flowering Stage,47,2025-06-22 14:10:43.159000+00:00,14,Afternoon,34.29
37.6,15.0,61.3,24572.8,Flowering Stage,48,2025-06-22 15:10:43.159000+00:00,15,Afternoon,32.86
37.1,15.0,61.1,24256.5,Flowering Stage,49,2025-06-22 16:10:43.159000+00:00,16,Afternoon,31.43
36.7,15.0,56.8,24175.8,Flowering Stage,50,2025-06-22 17:10:43.159000+00:00,17,Evening,30.0
36.3,15.0,59.1,23749.8,Flowering Stage,51,2025-06-22 18:10:43.159000+00:00,18,Evening,28.57
35.7,15.2,58.8,23458.0,Flowering Stage,52,2025-06-22 19:10:43.159000+00:00,19,Evening,27.14
35.3,15.0,65.9,22515.8,Flowering Stage,53,2025-06-22 20:10:43.159000+00:00,20,Evening,25.71
34.7,15.0,64.3,23478.9,Flowering Stage,54,2025-06-22 21:10:43.159000+00:00,21,Night,24.29
34.3,15.0,65.3,23728.5,Flowering Stage,55,2025-06-22 22:10:43.159000+00:00,22,Night,22.86
33.9,15.0,62.0,23730.0,Flowering Stage,56,2025-06-22 23:10:43.159000+00:00,23,Night,21.43
33.4,15.1,63.7,23497.4,Flowering Stage,57,2025-06-23 00:10:43.159000+00:00,0,Night,20.0
32.7,15.0,58.4,23576.1,Flowering Stage,58,2025-06-23 01:10:43.159000+00:00,1,Night,18.57
32.2,15.0,62.3,23336.3,Flowering Stage,59,2025-06-23 02:10:43.159000+00:00,2,Night,17.14
31.5,15.2,57.1,23056.2,Flowering Stage,60,2025-06-23 03:10:43.159000+00:00,3,Night,15.71
31.2,15.5,61.9,22984.1,Flowering Stage,61,2025-06-23 04:10:43.159000+00:00,4,Night,14.29
30.5,15.2,56.8,22536.0,Flowering Stage,62,2025-06-23 05:10:43.159000+00:00,5,Night,12.86
30.0,15.0,64.7,21896.1,Flowering Stage,63,2025-06-23 06:10:43.159000+00:00,6,Morning,11.43
29.4,15.3,57.3,22009.3,Flowering Stage,64,2025-06-23 07:10:43.159000+00:00,7,Morning,10.0
28.8,15.2,59.9,22694.9,Flowering Stage,65,2025-06-23 08:10:43.159000+00:00,8,Morning,8.57
28.1,15.2,58.4,22000.5,Flowering Stage,66,2025-06-23 09:10:43.159000+00:00,9,Morning,7.14
27.6,15.1,55.4,21066.0,Flowering Stage,67,2025-06-23 10:10:43.159000+00:00,10,Morning,5.71
27.2,15.0,63.8,20559.6,Flowering Stage,68,2025-06-23 11:10:43.159000+00:00,11,Morning,4.29
26.9,15.1,60.5,21519.1,Flowering Stage,69,2025-06-23 12:10:43.159000+00:00,12,Afternoon,2.86
26.2,15.1,54.2,22176.6,Flowering Stage,70,2025-06-23 13:10:43.159000+00:00,13,Afternoon,1.43
67.9,15.0,66.8,22368.3,Flowering Stage,0,2025-06-23 14:10:43.159000+00:00,14,Afternoon,0.0
67.5,15.0,60.7,23226.8,Flowering Stage,1,2025-06-23 15:10:43.159000+00:00,15,Afternoon,100.0
67.0,15.2,65.3,23117.4,Flowering Stage,2,2025-06-23 16:10:43.159000+00:00,16,Afternoon,98.63
66.7,15.3,62.7,24083.9,Flowering Stage,3,2025-06-23 17:10:43.159000+00:00,17,Evening,97.26
65.9,15.0,64.4,23676.5,Flowering Stage,4,2025-06-23 18:10:43.159000+00:00,18,Evening,95.89
65.3,15.0,60.6,23157.1,Flowering Stage,5,2025-06-23 19:10:43.159000+00:00,19,Evening,94.52
64.5,15.2,67.2,23433.2,Flowering Stage,6,2025-06-23 20:10:43.159000+00:00,20,Evening,93.15
64.1,15.4,66.3,23189.5,Flowering Stage,7,2025-06-23 21:10:43.159000+00:00,21,Night,91.78
63.4,15.5,61.4,23442.3,Flowering Stage,8,2025-06-23 22:10:43.159000+00:00,22,Night,90.41
62.8,15.3,63.3,23052.3,Flowering Stage,9,2025-06-23 23:10:43.159000+00:00,23,Night,89.04
62.3,15.4,65.8,23288.1,Flowering Stage,10,2025-06-24 00:10:43.159000+00:00,0,Night,87.67
61.6,15.6,65.2,22839.6,Flowering Stage,11,2025-06-24 01:10:43.159000+00:00,1,Night,86.3
60.9,15.2,64.6,21941.5,Fruiting,12,2025-06-24 02:10:43.159000+00:00,2,Night,84.93
60.1,15.1,58.2,22765.8,Fruiting,13,2025-06-24 03:10:43.159000+00:00,3,Night,83.56
59.4,15.0,63.0,23532.2,Fruiting,14,2025-06-24 04:10:43.159000+00:00,4,Night,82.19
59.0,15.1,66.2,24473.8,Fruiting,15,2025-06-24 05:10:43.159000+00:00,5,Night,80.82
58.6,15.0,62.3,24906.9,Fruiting,16,2025-06-24 06:10:43.159000+00:00,6,Morning,79.45
57.8,15.1,63.4,25272.3,Fruiting,17,2025-06-24 07:10:43.159000+00:00,7,Morning,78.08
57.5,15.4,61.8,25390.3,Fruiting,18,2025-06-24 08:10:43.159000+00:00,8,Morning,76.71
56.8,15.6,66.4,24642.2,Fruiting,19,2025-06-24 09:10:43.159000+00:00,9,Morning,75.34
56.2,16.0,58.5,24020.7,Fruiting,20,2025-06-24 10:10:43.159000+00:00,10,Morning,73.97
55.5,16.4,59.1,23599.6,Fruiting,21,2025-06-24 11:10:43.159000+00:00,11,Morning,72.6
54.8,16.0,59.2,24379.9,Fruiting,22,2025-06-24 12:10:43.159000+00:00,12,Afternoon,71.23
54.3,16.1,62.9,23725.9,Fruiting,23,2025-06-24 13:10:43.159000+00:00,13,Afternoon,69.86
53.8,16.0,64.1,24571.6,Fruiting,24,2025-06-24 14:10:43.159000+00:00,14,Afternoon,68.49
53.5,16.3,55.9,24617.2,Fruiting,25,2025-06-24 15:10:43.159000+00:00,15,Afternoon,67.12
53.0,16.1,64.2,25048.3,Fruiting,26,2025-06-24 16:10:43.159000+00:00,16,Afternoon,65.75
52.5,16.5,61.4,24268.8,Fruiting,27,2025-06-24 17:10:43.159000+00:00,17,Evening,64.38
52.1,16.6,59.0,23806.9,Fruiting,28,2025-06-24 18:10:43.159000+00:00,18,Evening,63.01
51.3,16.8,65.5,24723.9,Fruiting,29,2025-06-24 19:10:43.159000+00:00,19,Evening,61.64
50.6,16.5,61.3,24256.2,Fruiting,30,2025-06-24 20:10:43.159000+00:00,20,Evening,60.27
50.2,16.2,64.6,23849.3,Fruiting,31,2025-06-24 21:10:43.159000+00:00,21,Night,58.9
49.7,16.4,62.0,23244.4,Fruiting,32,2025-06-24 22:10:43.159000+00:00,22,Night,57.53
48.9,16.0,64.8,22502.6,Fruiting,33,2025-06-24 23:10:43.159000+00:00,23,Night,56.16
48.6,16.3,58.5,21969.1,Fruiting,34,2025-06-25 00:10:43.159000+00:00,0,Night,54.79
48.3,15.9,64.1,22253.8,Fruiting,35,2025-06-25 01:10:43.159000+00:00,1,Night,53.42
47.9,16.0,63.7,22164.5,Fruiting,36,2025-06-25 02:10:43.159000+00:00,2,Night,52.05
47.3,15.9,64.5,22272.0,Fruiting,37,2025-06-25 03:10:43.159000+00:00,3,Night,50.68
46.9,16.0,58.1,21516.7,Fruiting,38,2025-06-25 04:10:43.159000+00:00,4,Night,49.32
46.1,16.2,63.3,22121.0,Fruiting,39,2025-06-25 05:10:43.159000+00:00,5,Night,47.95
45.6,16.0,61.1,22689.2,Fruiting,40,2025-06-25 06:10:43.159000+00:00,6,Morning,46.58
45.0,15.7,61.5,21732.3,Fruiting,41,2025-06-25 07:10:43.159000+00:00,7,Morning,45.21
44.6,15.4,57.5,21499.4,Fruiting,42,2025-06-25 08:10:43.159000+00:00,8,Morning,43.84
44.1,15.5,58.1,20636.9,Fruiting,43,2025-06-25 09:10:43.159000+00:00,9,Morning,42.47
43.5,15.5,63.9,21221.1,Fruiting,44,2025-06-25 10:10:43.159000+00:00,10,Morning,41.1
42.8,15.7,61.1,21695.7,Fruiting,45,2025-06-25 11:10:43.159000+00:00,11,Morning,39.73
42.1,15.7,63.9,22499.6,Fruiting,46,2025-06-25 12:10:43.159000+00:00,12,Afternoon,38.36
41.5,15.6,65.4,21972.4,Fruiting,47,2025-06-25 13:10:43.159000+00:00,13,Afternoon,36.99
40.8,15.5,63.1,21885.0,Fruiting,48,2025-06-25 14:10:43.159000+00:00,14,Afternoon,35.62
40.1,15.1,61.6,21254.0,Fruiting,49,2025-06-25 15:10:43.159000+00:00,15,Afternoon,34.25
39.4,15.0,63.3,20996.5,Fruiting,50,2025-06-25 16:10:43.159000+00:00,16,Afternoon,32.88
39.0,15.4,60.1,21041.0,Fruiting,51,2025-06-25 17:10:43.159000+00:00,17,Evening,31.51
38.7,15.7,60.0,20147.6,Fruiting,52,2025-06-25 18:10:43.159000+00:00,18,Evening,30.14
38.3,15.6,57.0,20577.4,Fruiting,53,2025-06-25 19:10:43.159000+00:00,19,Evening,28.77
37.7,15.6,61.3,20664.0,Fruiting,54,2025-06-25 20:10:43.159000+00:00,20,Evening,27.4
37.2,15.9,60.0,21321.9,Fruiting,55,2025-06-25 21:10:43.159000+00:00,21,Night,26.03
36.7,15.9,65.7,20865.4,Fruiting,56,2025-06-25 22:10:43.159000+00:00,22,Night,24.66
36.0,15.5,61.4,21672.1,Fruiting,57,2025-06-25 23:10:43.159000+00:00,23,Night,23.29
35.2,15.1,66.3,22669.5,Fruiting,58,2025-06-26 00:10:43.159000+00:00,0,Night,21.92
34.5,15.1,59.1,23508.1,Fruiting,59,2025-06-26 01:10:43.159000+00:00,1,Night,20.55
34.0,15.5,57.2,24063.9,Fruiting,60,2025-06-26 02:10:43.159000+00:00,2,Night,19.18
33.4,15.7,57.3,24688.6,Fruiting,61,2025-06-26 03:10:43.159000+00:00,3,Night,17.81
32.9,15.3,62.0,24836.1,Fruiting,62,2025-06-26 04:10:43.159000+00:00,4,Night,16.44
32.5,15.1,65.0,24216.4,Fruiting,63,2025-06-26 05:10:43.159000+00:00,5,Night,15.07
32.1,15.3,65.8,24570.5,Fruiting,64,2025-06-26 06:10:43.159000+00:00,6,Morning,13.7
31.7,15.6,61.3,24996.0,Fruiting,65,2025-06-26 07:10:43.159000+00:00,7,Morning,12.33
31.1,15.7,62.8,25966.7,Fruiting,66,2025-06-26 08:10:43.159000+00:00,8,Morning,10.96
30.4,15.8,63.3,26049.3,Fruiting,67,2025-06-26 09:10:43.159000+00:00,9,Morning,9.59
30.1,15.4,65.1,25592.1,Fruiting,68,2025-06-26 10:10:43.159000+00:00,10,Morning,8.22
29.4,15.7,60.8,25959.4,Fruiting,69,2025-06-26 11:10:43.159000+00:00,11,Morning,6.85
28.8,15.9,55.8,26918.2,Fruiting,70,2025-06-26 12:10:43.159000+00:00,12,Afternoon,5.48
28.4,15.7,56.3,26272.6,Fruiting,71,2025-06-26 13:10:43.159000+00:00,13,Afternoon,4.11
27.8,15.9,55.3,25924.6,Fruiting,72,2025-06-26 14:10:43.159000+00:00,14,Afternoon,2.74
27.4,15.6,60.5,26008.4,Fruiting,73,2025-06-26 15:10:43.159000+00:00,15,Afternoon,1.37
68.9,15.3,63.2,25348.8,Fruiting,0,2025-06-26 16:10:43.159000+00:00,16,Afternoon,0.0
68.6,15.0,65.0,24393.2,Fruiting,1,2025-06-26 17:10:43.159000+00:00,17,Evening,100.0
68.2,15.0,60.0,24067.2,Fruiting,2,2025-06-26 18:10:43.159000+00:00,18,Evening,98.78
67.6,15.0,59.9,24797.9,Fruiting,3,2025-06-26 19:10:43.159000+00:00,19,Evening,97.56
66.9,15.0,67.8,23884.9,Fruiting,4,2025-06-26 20:10:43.159000+00:00,20,Evening,96.34
66.4,15.0,65.4,23742.7,Fruiting,5,2025-06-26 21:10:43.159000+00:00,21,Night,95.12
65.7,15.0,64.3,24267.1,Fruiting,6,2025-06-26 22:10:43.159000+00:00,22,Night,93.9
65.1,15.0,66.6,25173.5,Fruiting,7,2025-06-26 23:10:43.159000+00:00,23,Night,92.68
64.3,15.0,69.0,26144.5,Fruiting,8,2025-06-27 00:10:43.159000+00:00,0,Night,91.46
63.6,15.1,64.7,25988.4,Fruiting,9,2025-06-27 01:10:43.159000+00:00,1,Night,90.24
63.0,15.0,60.7,26889.2,Fruiting,10,2025-06-27 02:10:43.159000+00:00,2,Night,89.02
62.4,15.0,60.6,25960.0,Fruiting,11,2025-06-27 03:10:43.159000+00:00,3,Night,87.8
61.7,15.3,64.9,26451.8,Fruiting,12,2025-06-27 04:10:43.159000+00:00,4,Night,86.59
61.2,15.5,61.0,26737.3,Fruiting,13,2025-06-27 05:10:43.159000+00:00,5,Night,85.37
60.7,15.8,66.8,26236.4,Fruiting,14,2025-06-27 06:10:43.159000+00:00,6,Morning,84.15
60.4,15.8,63.1,26251.0,Fruiting,15,2025-06-27 07:10:43.159000+00:00,7,Morning,82.93
59.7,15.5,60.2,25510.1,Fruiting,16,2025-06-27 08:10:43.159000+00:00,8,Morning,81.71
59.0,15.6,58.8,26253.3,Fruiting,17,2025-06-27 09:10:43.159000+00:00,9,Morning,80.49
58.6,15.4,64.7,25969.1,Fruiting,18,2025-06-27 10:10:43.159000+00:00,10,Morning,79.27
58.0,15.4,62.2,26221.2,Fruiting,19,2025-06-27 11:10:43.159000+00:00,11,Morning,78.05
57.5,15.0,61.2,25538.8,Fruiting,20,2025-06-27 12:10:43.159000+00:00,12,Afternoon,76.83
57.2,15.3,61.5,24951.1,Fruiting,21,2025-06-27 13:10:43.159000+00:00,13,Afternoon,75.61
56.4,15.0,58.7,25935.0,Fruiting,22,2025-06-27 14:10:43.159000+00:00,14,Afternoon,74.39
56.0,15.3,60.7,26441.2,Fruiting,23,2025-06-27 15:10:43.159000+00:00,15,Afternoon,73.17
55.6,15.6,64.9,27365.1,Fruiting,24,2025-06-27 16:10:43.159000+00:00,16,Afternoon,71.95
55.0,15.6,62.2,26956.8,Fruiting,25,2025-06-27 17:10:43.159000+00:00,17,Evening,70.73
54.4,15.8,60.5,26285.9,Fruiting,26,2025-06-27 18:10:43.159000+00:00,18,Evening,69.51
54.0,15.9,64.6,26292.1,Fruiting,27,2025-06-27 19:10:43.159000+00:00,19,Evening,68.29
53.4,16.1,57.7,26281.4,Fruiting,28,2025-06-27 20:10:43.159000+00:00,20,Evening,67.07
52.8,16.1,60.1,25631.3,Fruiting,29,2025-06-27 21:10:43.159000+00:00,21,Night,65.85
52.5,16.3,65.7,26097.7,Fruiting,30,2025-06-27 22:10:43.159000+00:00,22,Night,64.63
52.1,16.3,57.5,25821.3,Fruiting,31,2025-06-27 23:10:43.159000+00:00,23,Night,63.41
51.5,16.6,57.3,25194.0,Fruiting,32,2025-06-28 00:10:43.159000+00:00,0,Night,62.2
51.1,16.6,63.6,24858.0,Fruiting,33,2025-06-28 01:10:43.159000+00:00,1,Night,60.98
50.3,16.6,57.6,24985.3,Fruiting,34,2025-06-28 02:10:43.159000+00:00,2,Night,59.76
49.6,16.8,61.1,25438.3,Fruiting,35,2025-06-28 03:10:43.159000+00:00,3,Night,58.54
48.8,17.1,60.3,25402.0,Fruiting,36,2025-06-28 04:10:43.159000+00:00,4,Night,57.32
48.4,17.1,64.7,25453.2,Fruiting,37,2025-06-28 05:10:43.159000+00:00,5,Night,56.1
47.6,16.8,58.2,24731.1,Fruiting,38,2025-06-28 06:10:43.159000+00:00,6,Morning,54.88
47.1,16.8,63.4,25560.5,Fruiting,39,2025-06-28 07:10:43.159000+00:00,7,Morning,53.66
46.6,17.2,65.0,26417.9,Fruiting,40,2025-06-28 08:10:43.159000+00:00,8,Morning,52.44
46.3,17.4,58.3,26784.8,Fruiting,41,2025-06-28 09:10:43.159000+00:00,9,Morning,51.22
46.0,17.6,64.4,25820.1,Fruiting,42,2025-06-28 10:10:43.159000+00:00,10,Morning,50.0
45.3,17.3,58.9,25894.2,Fruiting,43,2025-06-28 11:10:43.159000+00:00,11,Morning,48.78
44.8,17.2,56.2,26152.7,Fruiting,44,2025-06-28 12:10:43.159000+00:00,12,Afternoon,47.56
44.4,17.4,60.4,27142.0,Fruiting,45,2025-06-28 13:10:43.159000+00:00,13,Afternoon,46.34
43.8,17.6,59.4,28134.1,Fruiting,46,2025-06-28 14:10:43.159000+00:00,14,Afternoon,45.12
43.3,17.3,61.7,28849.3,Fruiting,47,2025-06-28 15:10:43.159000+00:00,15,Afternoon,43.9
42.7,17.6,56.4,27977.0,Fruiting,48,2025-06-28 16:10:43.159000+00:00,16,Afternoon,42.68
42.3,17.6,60.6,28883.5,Fruiting,49,2025-06-28 17:10:43.159000+00:00,17,Evening,41.46
41.5,17.3,58.0,29108.9,Fruiting,50,2025-06-28 18:10:43.159000+00:00,18,Evening,40.24
40.8,17.2,65.0,29710.6,Fruiting,51,2025-06-28 19:10:43.159000+00:00,19,Evening,39.02
40.3,17.0,60.4,29525.0,Fruiting,52,2025-06-28 20:10:43.159000+00:00,20,Evening,37.8
39.8,17.1,57.3,29164.4,Fruiting,53,2025-06-28 21:10:43.159000+00:00,21,Night,36.59
39.3,16.7,66.7,29090.8,Fruiting,54,2025-06-28 22:10:43.159000+00:00,22,Night,35.37
38.6,16.4,60.5,28384.6,Fruiting,55,2025-06-28 23:10:43.159000+00:00,23,Night,34.15
38.2,16.7,58.9,28098.7,Fruiting,56,2025-06-29 00:10:43.159000+00:00,0,Night,32.93
37.8,16.4,65.5,28814.0,Fruiting,57,2025-06-29 01:10:43.159000+00:00,1,Night,31.71
37.4,16.2,64.3,27889.9,Fruiting,58,2025-06-29 02:10:43.159000+00:00,2,Night,30.49
36.9,16.1,63.4,27191.6,Fruiting,59,2025-06-29 03:10:43.159000+00:00,3,Night,29.27
36.4,16.1,63.2,26441.8,Fruiting,60,2025-06-29 04:10:43.159000+00:00,4,Night,28.05
35.6,16.4,59.0,26248.0,Fruiting,61,2025-06-29 05:10:43.159000+00:00,5,Night,26.83
35.2,16.3,60.7,27242.0,Fruiting,62,2025-06-29 06:10:43.159000+00:00,6,Morning,25.61
34.7,16.5,64.6,26588.7,Fruiting,63,2025-06-29 07:10:43.159000+00:00,7,Morning,24.39
34.0,16.6,65.1,25879.7,Fruiting,64,2025-06-29 08:10:43.159000+00:00,8,Morning,23.17
33.3,16.3,62.4,26709.8,Fruiting,65,2025-06-29 09:10:43.159000+00:00,9,Morning,21.95
32.8,16.1,64.7,27473.9,Fruiting,66,2025-06-29 10:10:43.159000+00:00,10,Morning,20.73
32.3,16.0,63.2,26538.3,Fruiting,67,2025-06-29 11:10:43.159000+00:00,11,Morning,19.51
31.8,15.9,60.5,27041.8,Fruiting,68,2025-06-29 12:10:43.159000+00:00,12,Afternoon,18.29
31.1,16.1,64.4,27352.7,Fruiting,69,2025-06-29 13:10:43.159000+00:00,13,Afternoon,17.07
30.7,16.2,56.0,27888.2,Fruiting,70,2025-06-29 14:10:43.159000+00:00,14,Afternoon,15.85
30.0,16.1,59.6,27877.2,Fruiting,71,2025-06-29 15:10:43.159000+00:00,15,Afternoon,14.63
29.3,15.8,64.8,28859.9,Fruiting,72,2025-06-29 16:10:43.159000+00:00,16,Afternoon,13.41
28.7,15.6,60.5,27947.6,Fruiting,73,2025-06-29 17:10:43.159000+00:00,17,Evening,12.2
28.4,15.7,58.1,27416.4,Fruiting,74,2025-06-29 18:10:43.159000+00:00,18,Evening,10.98
27.9,15.6,62.6,27209.5,Fruiting,75,2025-06-29 19:10:43.159000+00:00,19,Evening,9.76
27.4,15.6,61.1,27109.0,Fruiting,76,2025-06-29 20:10:43.159000+00:00,20,Evening,8.54
27.0,15.4,63.2,27951.8,Fruiting,77,2025-06-29 21:10:43.159000+00:00,21,Night,7.32
26.4,15.5,58.5,28071.8,Fruiting,78,2025-06-29 22:10:43.159000+00:00,22,Night,6.1
25.6,15.8,63.9,27162.0,Fruiting,79,2025-06-29 23:10:43.159000+00:00,23,Night,4.88
25.0,15.6,56.8,26977.7,Fruiting,80,2025-06-30 00:10:43.159000+00:00,0,Night,3.66
24.4,15.6,58.7,26810.7,Fruiting,81,2025-06-30 01:10:43.159000+00:00,1,Night,2.44
24.0,15.9,62.0,27741.7,Fruiting,82,2025-06-30 02:10:43.159000+00:00,2,Night,1.22
66.3,15.8,62.4,27940.1,Fruiting,0,2025-06-30 03:10:43.159000+00:00,3,Night,0.0
65.7,15.9,62.6,28211.4,Fruiting,1,2025-06-30 04:10:43.159000+00:00,4,Night,100.0
64.9,15.6,64.5,28637.9,Fruiting,2,2025-06-30 05:10:43.159000+00:00,5,Night,95.0
64.3,15.6,62.9,29178.0,Fruiting,3,2025-06-30 06:10:43.159000+00:00,6,Morning,90.0
63.9,15.3,63.2,29448.1,Fruiting,4,2025-06-30 07:10:43.159000+00:00,7,Morning,85.0
63.4,15.7,60.7,28922.4,Fruiting,5,2025-06-30 08:10:43.159000+00:00,8,Morning,80.0
62.9,15.9,63.0,29670.5,Fruiting,6,2025-06-30 09:10:43.159000+00:00,9,Morning,75.0
60.1,17.3,61.5,30134.8,Fruiting,7,2025-06-30 10:10:43.159000+00:00,10,Morning,70.0
60.5,17.4,61.7,30618.5,Fruiting,8,2025-06-30 11:10:43.159000+00:00,11,Morning,65.0
59.5,17.1,56.8,31611.6,Fruiting,9,2025-06-30 12:10:43.159000+00:00,12,Afternoon,60.0
57.9,17.6,56.2,32216.7,Fruiting,10,2025-06-30 13:10:43.159000+00:00,13,Afternoon,55.0
58.2,17.8,53.2,32875.0,Fruiting,11,2025-06-30 14:10:43.159000+00:00,14,Afternoon,50.0
57.6,17.7,63.7,33777.8,Fruiting,12,2025-06-30 15:10:43.159000+00:00,15,Afternoon,45.0
56.2,17.7,54.0,33080.1,Fruiting,13,2025-06-30 16:10:43.159000+00:00,16,Afternoon,40.0
57.2,18.1,60.0,33075.5,Fruiting,14,2025-06-30 17:10:43.159000+00:00,17,Evening,35.0
56.4,18.2,54.2,33236.7,Fruiting,15,2025-06-30 18:10:43.159000+00:00,18,Evening,30.0
55.6,18.7,58.9,32895.2,Fruiting,16,2025-06-30 19:10:43.159000+00:00,19,Evening,25.0
54.2,17.9,62.6,33574.0,Fruiting,17,2025-06-30 20:10:43.159000+00:00,20,Evening,20.0
53.9,17.7,62.3,34098.9,Fruiting,18,2025-06-30 21:10:43.159000+00:00,21,Night,15.0
53.1,17.8,58.4,34540.6,Fruiting,19,2025-06-30 22:10:43.159000+00:00,22,Night,10.0
52.9,17.6,55.6,35534.9,Fruiting,20,2025-06-30 23:10:43.159000+00:00,23,Night,5.0
53.0,17.2,54.6,35053.7,Fruiting,21,2025-07-01 00:10:43.159000+00:00,0,Night,0.0
